"","sample1","sample2","V.select","H.select","Disp.limit","Disp.homo","Undomin"
"1","X10P16NHN1","X10P10NHN1",0.0017,0.282483333333333,0.00996666666666667,0.0051,0.70075
"2","X10P19NNN1","X10P10NHN1",0.00285,0.337216666666667,0.0192833333333333,0.0139833333333333,0.626666666666667
"3","X10P1NHN1","X10P10NHN1",0.00106666666666667,0.312483333333333,0.0663,0.00258333333333333,0.617566666666667
"4","X10P20NHN1","X10P10NHN1",0.0132666666666667,0.313833333333333,0.01375,0.00366666666666667,0.655483333333333
"5","X10P23NNN1","X10P10NHN1",0.00381666666666667,0.358333333333333,0.0469666666666667,0.00566666666666667,0.585216666666667
"6","X10P3NNN1","X10P10NHN1",0.00283333333333333,0.338433333333333,0.0595833333333333,0.00443333333333333,0.594716666666667
"7","X10P6NNN1","X10P10NHN1",0.00346666666666667,0.35785,0.00895,0.0052,0.624533333333333
"8","X11P10NHN1","X10P10NHN1",0.0053,0.283516666666667,0.0198166666666667,0.00263333333333333,0.688733333333333
"9","X11P16NHN1","X10P10NHN1",0.00315,0.308083333333333,0.0483833333333333,0.0238,0.616583333333333
"10","X11P19NNN1","X10P10NHN1",0.00173333333333333,0.335916666666667,0.0235166666666667,8e-04,0.638033333333333
"11","X11P1NHN1","X10P10NHN1",0.00133333333333333,0.324333333333333,0.0266833333333333,0.00035,0.6473
"12","X11P20NHN1","X10P10NHN1",0.0156333333333333,0.347966666666667,0.05855,0.00106666666666667,0.576783333333333
"13","X11P23NNN1","X10P10NHN1",0.00263333333333333,0.3012,0.01525,0.00161666666666667,0.6793
"14","X11P3NNN1","X10P10NHN1",0.00126666666666667,0.349383333333333,0.00301666666666667,0.001,0.645333333333333
"15","X11P6NNN1","X10P10NHN1",0.0173666666666667,0.323616666666667,0.03375,0.00668333333333333,0.618583333333333
"16","X12P10NHN1","X10P10NHN1",0.00383333333333333,0.3236,0.04865,0.0015,0.622416666666667
"17","X12P16NHN1","X10P10NHN1",0.0047,0.389766666666667,0.0578,0.00035,0.547383333333333
"18","X12P19NNN1","X10P10NHN1",0.0013,0.4161,0.0265833333333333,0.0176833333333333,0.538333333333333
"19","X12P1NHN1","X10P10NHN1",0.00341666666666667,0.457733333333333,0.0374,0.0069,0.49455
"20","X12P20NHN1","X10P10NHN1",0.00191666666666667,0.380183333333333,0.0500666666666667,0.000633333333333333,0.5672
"21","X12P23NNN1","X10P10NHN1",0.000933333333333333,0.3192,0.0421333333333333,0.0468333333333333,0.5909
"22","X12P3NNN1","X10P10NHN1",0.00141666666666667,0.376,0.00465,0.001,0.616933333333333
"23","X12P6NNN1","X10P10NHN1",0.00921666666666667,0.342266666666667,0.0617,0.000466666666666667,0.58635
"24","X13P10NHN1","X10P10NHN1",0.00163333333333333,0.360583333333333,0.0196333333333333,0.00055,0.6176
"25","X13P16NHN1","X10P10NHN1",0.00131666666666667,0.324366666666667,0.0945833333333333,0.00396666666666667,0.575766666666667
"26","X13P19NNN1","X10P10NHN1",0.00206666666666667,0.339233333333333,0.02815,0.00406666666666667,0.626483333333333
"27","X13P1NHN1","X10P10NHN1",0.00151666666666667,0.3285,0.0712833333333333,0.000616666666666667,0.598083333333333
"28","X13P20NHN1","X10P10NHN1",0.00285,0.30345,0.0347,0.00661666666666667,0.652383333333333
"29","X13P23NNN1","X10P10NHN1",0.00191666666666667,0.261183333333333,0.02405,4e-04,0.71245
"30","X13P3NNN1","X10P10NHN1",0.00228333333333333,0.3317,0.00466666666666667,0.0027,0.65865
"31","X13P6NNN1","X10P10NHN1",0.00183333333333333,0.332583333333333,0.03735,0.000333333333333333,0.6279
"32","X14P10NHN1","X10P10NHN1",0.00141666666666667,0.352566666666667,0.00968333333333333,0.00181666666666667,0.634516666666667
"33","X14P16NHN1","X10P10NHN1",0.00348333333333333,0.37465,0.0961,0.0329833333333333,0.492783333333333
"34","X14P19NNN1","X10P10NHN1",0.00193333333333333,0.307666666666667,0.029,0.0036,0.6578
"35","X14P1NHN1","X10P10NHN1",0.00421666666666667,0.312583333333333,0.0316166666666667,0.000716666666666667,0.650866666666667
"36","X14P20NHN1","X10P10NHN1",0.00203333333333333,0.314416666666667,0.0744166666666667,0.00646666666666667,0.602666666666667
"37","X14P23NNN1","X10P10NHN1",0.00233333333333333,0.342733333333333,0.0109166666666667,0.01575,0.628266666666667
"38","X14P3NNN1","X10P10NHN1",0.0023,0.35515,0.0186166666666667,0.00728333333333333,0.61665
"39","X14P6NNN1","X10P10NHN1",0.00228333333333333,0.310833333333333,0.0117333333333333,0.00713333333333333,0.668016666666667
"40","X10P19NNN1","X10P16NHN1",0.0038,0.291933333333333,0.0115833333333333,0.00956666666666667,0.683116666666667
"41","X10P1NHN1","X10P16NHN1",0.00045,0.259816666666667,0.0651166666666667,0.0102,0.664416666666667
"42","X10P20NHN1","X10P16NHN1",0.00253333333333333,0.310883333333333,0.0193833333333333,0.0105333333333333,0.656666666666667
"43","X10P23NNN1","X10P16NHN1",0.00345,0.350116666666667,0.0127166666666667,0.00388333333333333,0.629833333333333
"44","X10P3NNN1","X10P16NHN1",0.00371666666666667,0.287383333333333,0.0395,0.00341666666666667,0.665983333333333
"45","X10P6NNN1","X10P16NHN1",0.00311666666666667,0.321916666666667,0.000183333333333333,0.00428333333333333,0.6705
"46","X11P10NHN1","X10P16NHN1",0.00163333333333333,0.35015,0.00186666666666667,0,0.64635
"47","X11P16NHN1","X10P16NHN1",0.00253333333333333,0.304016666666667,0.00808333333333333,0.0357,0.649666666666667
"48","X11P19NNN1","X10P16NHN1",0.00231666666666667,0.306333333333333,0.0271166666666667,8e-04,0.663433333333333
"49","X11P1NHN1","X10P16NHN1",0.00178333333333333,0.286766666666667,0.00385,0.0287666666666667,0.678833333333333
"50","X11P20NHN1","X10P16NHN1",0.00508333333333333,0.393166666666667,0.0100333333333333,0.0102166666666667,0.5815
"51","X11P23NNN1","X10P16NHN1",0.00211666666666667,0.2744,0.00336666666666667,0.00235,0.717766666666667
"52","X11P3NNN1","X10P16NHN1",0.000833333333333333,0.356233333333333,0,0.00706666666666667,0.635866666666667
"53","X11P6NNN1","X10P16NHN1",0.000983333333333333,0.2892,0.0177166666666667,0.00141666666666667,0.690683333333333
"54","X12P10NHN1","X10P16NHN1",0.00591666666666667,0.334916666666667,0.0094,0.00055,0.649216666666667
"55","X12P16NHN1","X10P16NHN1",0.00455,0.38005,0.0162,0,0.5992
"56","X12P19NNN1","X10P16NHN1",0.00103333333333333,0.38135,0.00691666666666667,0.04195,0.56875
"57","X12P1NHN1","X10P16NHN1",0.00345,0.39285,0.0268,0.00085,0.57605
"58","X12P20NHN1","X10P16NHN1",0.0128166666666667,0.361333333333333,0.00513333333333333,0.000533333333333333,0.620183333333333
"59","X12P23NNN1","X10P16NHN1",0.0013,0.325483333333333,0.0176,0.000366666666666667,0.65525
"60","X12P3NNN1","X10P16NHN1",0.00253333333333333,0.346166666666667,0.00453333333333333,0.00443333333333333,0.642333333333333
"61","X12P6NNN1","X10P16NHN1",0.0148333333333333,0.32,0.04555,0.000233333333333333,0.619383333333333
"62","X13P10NHN1","X10P16NHN1",0.00256666666666667,0.3419,0.00716666666666667,0.00418333333333333,0.644183333333333
"63","X13P16NHN1","X10P16NHN1",0.0029,0.35245,0.0242833333333333,0.00103333333333333,0.619333333333333
"64","X13P19NNN1","X10P16NHN1",0.00101666666666667,0.343216666666667,0.00918333333333333,0.00636666666666667,0.640216666666667
"65","X13P1NHN1","X10P16NHN1",0.00143333333333333,0.304916666666667,0.0651666666666667,0.00186666666666667,0.626616666666667
"66","X13P20NHN1","X10P16NHN1",0.00203333333333333,0.370633333333333,0.000816666666666667,0.00341666666666667,0.6231
"67","X13P23NNN1","X10P16NHN1",0.00231666666666667,0.294533333333333,0.0181,0.0229833333333333,0.662066666666667
"68","X13P3NNN1","X10P16NHN1",0.00203333333333333,0.322866666666667,0.00115,0.0209166666666667,0.653033333333333
"69","X13P6NNN1","X10P16NHN1",0.00173333333333333,0.37055,0.0196666666666667,0.0107333333333333,0.597316666666667
"70","X14P10NHN1","X10P16NHN1",0.0028,0.40985,0.00356666666666667,0.00243333333333333,0.58135
"71","X14P16NHN1","X10P16NHN1",0.00363333333333333,0.334316666666667,0.06685,0.0347666666666667,0.560433333333333
"72","X14P19NNN1","X10P16NHN1",0.00448333333333333,0.286033333333333,0.00186666666666667,0.00153333333333333,0.706083333333333
"73","X14P1NHN1","X10P16NHN1",0.00758333333333333,0.295266666666667,0.0197333333333333,0.00055,0.676866666666667
"74","X14P20NHN1","X10P16NHN1",0.00881666666666667,0.301183333333333,0.0123833333333333,0.00111666666666667,0.6765
"75","X14P23NNN1","X10P16NHN1",0.00588333333333333,0.354183333333333,0.0056,0.00218333333333333,0.63215
"76","X14P3NNN1","X10P16NHN1",0.00258333333333333,0.33075,0.01125,0.00716666666666667,0.64825
"77","X14P6NNN1","X10P16NHN1",0.00295,0.313316666666667,0.0047,0.00225,0.676783333333333
"78","X10P1NHN1","X10P19NNN1",0.003,0.298,0.0460666666666667,0.0093,0.643633333333333
"79","X10P20NHN1","X10P19NNN1",0.00438333333333333,0.3009,0.0268,0.0110833333333333,0.656833333333333
"80","X10P23NNN1","X10P19NNN1",0.00338333333333333,0.363916666666667,0.0139166666666667,0.0106166666666667,0.608166666666667
"81","X10P3NNN1","X10P19NNN1",0.00331666666666667,0.34295,0.05425,0.00496666666666667,0.594516666666667
"82","X10P6NNN1","X10P19NNN1",0.0037,0.343116666666667,0.01575,0.02295,0.614483333333333
"83","X11P10NHN1","X10P19NNN1",0.00403333333333333,0.352716666666667,0.034,0.00718333333333333,0.602066666666667
"84","X11P16NHN1","X10P19NNN1",0.00358333333333333,0.266133333333333,0.0514,0.00106666666666667,0.677816666666667
"85","X11P19NNN1","X10P19NNN1",0.00255,0.339133333333333,0.0298,0.00233333333333333,0.626183333333333
"86","X11P1NHN1","X10P19NNN1",0.00338333333333333,0.311566666666667,0.0297333333333333,7e-04,0.654616666666667
"87","X11P20NHN1","X10P19NNN1",0.00371666666666667,0.357966666666667,0.0413833333333333,0.01165,0.585283333333333
"88","X11P23NNN1","X10P19NNN1",0.0033,0.306816666666667,0.0284833333333333,0.00743333333333333,0.653966666666667
"89","X11P3NNN1","X10P19NNN1",0.00263333333333333,0.338816666666667,0.0140333333333333,0.00453333333333333,0.639983333333333
"90","X11P6NNN1","X10P19NNN1",0.0049,0.339216666666667,0.0477666666666667,0.000716666666666667,0.6074
"91","X12P10NHN1","X10P19NNN1",0.00625,0.343883333333333,0.06755,0.00481666666666667,0.5775
"92","X12P16NHN1","X10P19NNN1",0.00755,0.3811,0.0509,0.00135,0.5591
"93","X12P19NNN1","X10P19NNN1",0.00595,0.359516666666667,0.0157666666666667,0.0301666666666667,0.5886
"94","X12P1NHN1","X10P19NNN1",0.00578333333333333,0.38435,0.0475166666666667,0.00758333333333333,0.554766666666667
"95","X12P20NHN1","X10P19NNN1",0.00901666666666667,0.3692,0.0422333333333333,0.0105666666666667,0.568983333333333
"96","X12P23NNN1","X10P19NNN1",0.00273333333333333,0.3758,0.02225,0.0042,0.595016666666667
"97","X12P3NNN1","X10P19NNN1",0.00413333333333333,0.360733333333333,0.0171166666666667,0.00245,0.615566666666667
"98","X12P6NNN1","X10P19NNN1",0.0161,0.3572,0.03505,0.0151166666666667,0.576533333333333
"99","X13P10NHN1","X10P19NNN1",0.00206666666666667,0.34695,0.0212,0.0126666666666667,0.617116666666667
"100","X13P16NHN1","X10P19NNN1",0.00121666666666667,0.341583333333333,0.0300666666666667,0.00201666666666667,0.625116666666667
"101","X13P19NNN1","X10P19NNN1",0.0031,0.34355,0.0236833333333333,0.0120166666666667,0.61765
"102","X13P1NHN1","X10P19NNN1",0.00405,0.332683333333333,0.0681833333333333,0.00243333333333333,0.59265
"103","X13P20NHN1","X10P19NNN1",0.00315,0.316083333333333,0.00405,0.00173333333333333,0.674983333333333
"104","X13P23NNN1","X10P19NNN1",0.00293333333333333,0.279016666666667,0.0202,0.00468333333333333,0.693166666666667
"105","X13P3NNN1","X10P19NNN1",0.00391666666666667,0.309433333333333,0.00895,0.00245,0.67525
"106","X13P6NNN1","X10P19NNN1",0.00363333333333333,0.384433333333333,0.0347,0.00506666666666667,0.572166666666667
"107","X14P10NHN1","X10P19NNN1",0.00673333333333333,0.38355,0.0144833333333333,8e-04,0.594433333333333
"108","X14P16NHN1","X10P19NNN1",0.00385,0.369266666666667,0.0993166666666667,0.0503833333333333,0.477183333333333
"109","X14P19NNN1","X10P19NNN1",0.0039,0.33275,0.0101666666666667,0.004,0.649183333333333
"110","X14P1NHN1","X10P19NNN1",0.00375,0.353333333333333,0.0224333333333333,5e-05,0.620433333333333
"111","X14P20NHN1","X10P19NNN1",0.00848333333333333,0.344466666666667,0.0197,0.0111833333333333,0.616166666666667
"112","X14P23NNN1","X10P19NNN1",0.00275,0.358566666666667,0.0104333333333333,0.0159,0.61235
"113","X14P3NNN1","X10P19NNN1",0.00696666666666667,0.34085,0.0417166666666667,0.0215833333333333,0.588883333333333
"114","X14P6NNN1","X10P19NNN1",0.00243333333333333,0.294233333333333,0.0170666666666667,0.0045,0.681766666666667
"115","X10P20NHN1","X10P1NHN1",0.00055,0.297666666666667,0.02505,0.00273333333333333,0.674
"116","X10P23NNN1","X10P1NHN1",0.00205,0.375833333333333,0.0736666666666667,0.00291666666666667,0.545533333333333
"117","X10P3NNN1","X10P1NHN1",0.000983333333333333,0.374433333333333,0.00451666666666667,0.02685,0.593216666666667
"118","X10P6NNN1","X10P1NHN1",0.000883333333333333,0.326833333333333,0.07415,0.00116666666666667,0.596966666666667
"119","X11P10NHN1","X10P1NHN1",0.00188333333333333,0.28045,0.0669,0.00075,0.650016666666667
"120","X11P16NHN1","X10P1NHN1",0.00121666666666667,0.290533333333333,0.0332333333333333,0.000166666666666667,0.67485
"121","X11P19NNN1","X10P1NHN1",0.000766666666666667,0.2516,0.1079,0.000283333333333333,0.63945
"122","X11P1NHN1","X10P1NHN1",0.00628333333333333,0.304833333333333,0.0464666666666667,0.00176666666666667,0.64065
"123","X11P20NHN1","X10P1NHN1",0.00336666666666667,0.3717,0.0443666666666667,1e-04,0.580466666666667
"124","X11P23NNN1","X10P1NHN1",0.000883333333333333,0.29345,0.07415,0.00045,0.631066666666667
"125","X11P3NNN1","X10P1NHN1",0.01495,0.340716666666667,0.0702166666666667,0.00131666666666667,0.5728
"126","X11P6NNN1","X10P1NHN1",9e-04,0.318633333333333,0.0122166666666667,0.00296666666666667,0.665283333333333
"127","X12P10NHN1","X10P1NHN1",0.0057,0.312383333333333,0.0626,0,0.619316666666667
"128","X12P16NHN1","X10P1NHN1",0.00476666666666667,0.324366666666667,0.06025,0.00025,0.610366666666667
"129","X12P19NNN1","X10P1NHN1",0.00803333333333333,0.351433333333333,0.0759833333333333,0.01,0.55455
"130","X12P1NHN1","X10P1NHN1",0.0144666666666667,0.361283333333333,0.0601833333333333,0.000983333333333333,0.563083333333333
"131","X12P20NHN1","X10P1NHN1",0.00508333333333333,0.33785,0.0677166666666667,3e-04,0.58905
"132","X12P23NNN1","X10P1NHN1",0.00608333333333333,0.357216666666667,0.02,0.000733333333333333,0.615966666666667
"133","X12P3NNN1","X10P1NHN1",0.00118333333333333,0.28795,0.06865,0.000783333333333333,0.641433333333333
"134","X12P6NNN1","X10P1NHN1",0.00876666666666667,0.38625,0.0144833333333333,0.000633333333333333,0.589866666666667
"135","X13P10NHN1","X10P1NHN1",0.0134666666666667,0.30525,0.0569,6e-04,0.623783333333333
"136","X13P16NHN1","X10P1NHN1",0.00646666666666667,0.356883333333333,0.0518166666666667,0.000283333333333333,0.58455
"137","X13P19NNN1","X10P1NHN1",0.00198333333333333,0.359066666666667,0.06315,0.0024,0.5734
"138","X13P1NHN1","X10P1NHN1",0.000616666666666667,0.320433333333333,0.107016666666667,0.000666666666666667,0.571266666666667
"139","X13P20NHN1","X10P1NHN1",0.00145,0.315716666666667,0.0741833333333333,0.000316666666666667,0.608333333333333
"140","X13P23NNN1","X10P1NHN1",0.00138333333333333,0.346466666666667,0.0600666666666667,0,0.592083333333333
"141","X13P3NNN1","X10P1NHN1",0.0141666666666667,0.27655,0.0641166666666667,0.000683333333333333,0.644483333333333
"142","X13P6NNN1","X10P1NHN1",0.00108333333333333,0.378216666666667,0.0556833333333333,0.00973333333333333,0.555283333333333
"143","X14P10NHN1","X10P1NHN1",0.0152333333333333,0.368516666666667,0.0165166666666667,0.000633333333333333,0.5991
"144","X14P16NHN1","X10P1NHN1",0.00101666666666667,0.341633333333333,0.118783333333333,0.000283333333333333,0.538283333333333
"145","X14P19NNN1","X10P1NHN1",0.0021,0.24685,0.07215,0.00133333333333333,0.677566666666667
"146","X14P1NHN1","X10P1NHN1",0.00233333333333333,0.337166666666667,0.0332,0,0.6273
"147","X14P20NHN1","X10P1NHN1",0.00521666666666667,0.3326,0.04505,0.000183333333333333,0.61695
"148","X14P23NNN1","X10P1NHN1",0.00303333333333333,0.324216666666667,0.0658,0.00108333333333333,0.605866666666667
"149","X14P3NNN1","X10P1NHN1",0.01635,0.294833333333333,0.0676833333333333,0.0023,0.618833333333333
"150","X14P6NNN1","X10P1NHN1",0.00265,0.256116666666667,0.0863666666666667,0.00115,0.653716666666667
"151","X10P23NNN1","X10P20NHN1",0.00416666666666667,0.365966666666667,0.0402833333333333,0.000333333333333333,0.58925
"152","X10P3NNN1","X10P20NHN1",0.0032,0.36825,0.0217333333333333,0.0041,0.602716666666667
"153","X10P6NNN1","X10P20NHN1",0.00515,0.347083333333333,0.02995,0.0112166666666667,0.6066
"154","X11P10NHN1","X10P20NHN1",0.00205,0.3036,0.0265833333333333,0.00456666666666667,0.6632
"155","X11P16NHN1","X10P20NHN1",0.00458333333333333,0.369766666666667,0.01085,0.002,0.6128
"156","X11P19NNN1","X10P20NHN1",0.00221666666666667,0.3741,0.03535,0.0125333333333333,0.5758
"157","X11P1NHN1","X10P20NHN1",0.0077,0.344033333333333,0.0157166666666667,1e-04,0.63245
"158","X11P20NHN1","X10P20NHN1",0.0042,0.402433333333333,0.0195666666666667,0.00406666666666667,0.569733333333333
"159","X11P23NNN1","X10P20NHN1",0.00278333333333333,0.3084,0.01115,0.00581666666666667,0.67185
"160","X11P3NNN1","X10P20NHN1",0.0148333333333333,0.36845,0.0237166666666667,0.00513333333333333,0.587866666666667
"161","X11P6NNN1","X10P20NHN1",0.00188333333333333,0.337833333333333,0.00213333333333333,0.00258333333333333,0.655566666666667
"162","X12P10NHN1","X10P20NHN1",0.00198333333333333,0.3325,0.0357833333333333,0.0011,0.628633333333333
"163","X12P16NHN1","X10P20NHN1",0.0092,0.37285,0.0480333333333333,0.00218333333333333,0.567733333333333
"164","X12P19NNN1","X10P20NHN1",0.00521666666666667,0.37895,0.0478833333333333,0.00075,0.5672
"165","X12P1NHN1","X10P20NHN1",0.01445,0.379183333333333,0.0558333333333333,0.0011,0.549433333333333
"166","X12P20NHN1","X10P20NHN1",0.00756666666666667,0.358,0.0588833333333333,0.00801666666666667,0.567533333333333
"167","X12P23NNN1","X10P20NHN1",0.0011,0.346533333333333,0.0139166666666667,0.00528333333333333,0.633166666666667
"168","X12P3NNN1","X10P20NHN1",0.00525,0.370316666666667,0.035,0.00266666666666667,0.586766666666667
"169","X12P6NNN1","X10P20NHN1",0.0128333333333333,0.344583333333333,0.01365,0.00118333333333333,0.62775
"170","X13P10NHN1","X10P20NHN1",0.00153333333333333,0.321066666666667,0.0490833333333333,0.00263333333333333,0.625683333333333
"171","X13P16NHN1","X10P20NHN1",0.00188333333333333,0.345866666666667,0.02445,0.000733333333333333,0.627066666666667
"172","X13P19NNN1","X10P20NHN1",0.00218333333333333,0.338366666666667,0.0693333333333333,0.0072,0.582916666666667
"173","X13P1NHN1","X10P20NHN1",0.000383333333333333,0.33585,0.0814833333333333,0.00681666666666667,0.575466666666667
"174","X13P20NHN1","X10P20NHN1",0.00395,0.31645,0.0226333333333333,0.00065,0.656316666666667
"175","X13P23NNN1","X10P20NHN1",0.00275,0.33375,0.0180666666666667,0.00755,0.637883333333333
"176","X13P3NNN1","X10P20NHN1",0.0117833333333333,0.276833333333333,0.04045,0.00583333333333333,0.6651
"177","X13P6NNN1","X10P20NHN1",0.002,0.38185,0.0577666666666667,0.00145,0.556933333333333
"178","X14P10NHN1","X10P20NHN1",0.0138333333333333,0.371383333333333,0.0183166666666667,0.00305,0.593416666666667
"179","X14P16NHN1","X10P20NHN1",0.00328333333333333,0.398416666666667,0.0805333333333333,0.000166666666666667,0.5176
"180","X14P19NNN1","X10P20NHN1",0.00641666666666667,0.301266666666667,0.0377166666666667,0.00101666666666667,0.653583333333333
"181","X14P1NHN1","X10P20NHN1",0.00191666666666667,0.322933333333333,0.0284666666666667,0.00355,0.643133333333333
"182","X14P20NHN1","X10P20NHN1",0.00793333333333333,0.331733333333333,0.0324666666666667,5e-04,0.627366666666667
"183","X14P23NNN1","X10P20NHN1",0.00386666666666667,0.347133333333333,0.0744,0.00121666666666667,0.573383333333333
"184","X14P3NNN1","X10P20NHN1",0.00621666666666667,0.3252,0.0721,0.0038,0.592683333333333
"185","X14P6NNN1","X10P20NHN1",0.00301666666666667,0.28225,0.0497,0.00138333333333333,0.66365
"186","X10P3NNN1","X10P23NNN1",0.00758333333333333,0.342316666666667,0.0412,0.0055,0.6034
"187","X10P6NNN1","X10P23NNN1",0.00363333333333333,0.408,0.00531666666666667,0.00911666666666667,0.573933333333333
"188","X11P10NHN1","X10P23NNN1",0.00231666666666667,0.381766666666667,0.0501666666666667,0.000433333333333333,0.565316666666667
"189","X11P16NHN1","X10P23NNN1",0.00383333333333333,0.391883333333333,0.104183333333333,0.0018,0.4983
"190","X11P19NNN1","X10P23NNN1",0.00381666666666667,0.418416666666667,0.05,0.000216666666666667,0.52755
"191","X11P1NHN1","X10P23NNN1",0.00223333333333333,0.350116666666667,0.0697333333333333,0.00166666666666667,0.57625
"192","X11P20NHN1","X10P23NNN1",0.00911666666666667,0.390783333333333,0.0898833333333333,0.000883333333333333,0.509333333333333
"193","X11P23NNN1","X10P23NNN1",0.0034,0.332683333333333,0.05665,0.00398333333333333,0.603283333333333
"194","X11P3NNN1","X10P23NNN1",0.0047,0.425633333333333,0.0177,0.000766666666666667,0.5512
"195","X11P6NNN1","X10P23NNN1",0.00961666666666667,0.334483333333333,0.0662666666666667,8.33333333333333e-05,0.58955
"196","X12P10NHN1","X10P23NNN1",0.00913333333333333,0.3865,0.0870333333333333,0.00133333333333333,0.516
"197","X12P16NHN1","X10P23NNN1",0.00673333333333333,0.43275,0.0526166666666667,0,0.5079
"198","X12P19NNN1","X10P23NNN1",0.00195,0.458983333333333,0.0037,0.00416666666666667,0.5312
"199","X12P1NHN1","X10P23NNN1",0.00693333333333333,0.448966666666667,0.05175,0,0.49235
"200","X12P20NHN1","X10P23NNN1",0.00605,0.442783333333333,0.0436333333333333,0.001,0.506533333333333
"201","X12P23NNN1","X10P23NNN1",0.00418333333333333,0.38305,0.05725,0.00015,0.555366666666667
"202","X12P3NNN1","X10P23NNN1",0.00563333333333333,0.406916666666667,0.03615,0.000166666666666667,0.551133333333333
"203","X12P6NNN1","X10P23NNN1",0.0281166666666667,0.391983333333333,0.06145,0.000133333333333333,0.518316666666667
"204","X13P10NHN1","X10P23NNN1",0.00266666666666667,0.427616666666667,0.0168833333333333,0.00025,0.552583333333333
"205","X13P16NHN1","X10P23NNN1",0.00351666666666667,0.369116666666667,0.0671666666666667,8.33333333333333e-05,0.560116666666667
"206","X13P19NNN1","X10P23NNN1",0.00225,0.428566666666667,0.01915,0.00708333333333333,0.54295
"207","X13P1NHN1","X10P23NNN1",0.0035,0.388816666666667,0.0787833333333333,0.000166666666666667,0.528733333333333
"208","X13P20NHN1","X10P23NNN1",0.00496666666666667,0.385216666666667,0.0399,0.000666666666666667,0.56925
"209","X13P23NNN1","X10P23NNN1",0.00261666666666667,0.369183333333333,0.0220166666666667,0.00375,0.602433333333333
"210","X13P3NNN1","X10P23NNN1",0.00471666666666667,0.350116666666667,0.0338166666666667,0.00335,0.608
"211","X13P6NNN1","X10P23NNN1",0.00423333333333333,0.415816666666667,0.0656166666666667,0.000533333333333333,0.5138
"212","X14P10NHN1","X10P23NNN1",0.00638333333333333,0.450633333333333,0.0168,0.00501666666666667,0.521166666666667
"213","X14P16NHN1","X10P23NNN1",0.00478333333333333,0.4253,0.0933,0.000233333333333333,0.476383333333333
"214","X14P19NNN1","X10P23NNN1",0.00308333333333333,0.4126,0.0173166666666667,0.00136666666666667,0.565633333333333
"215","X14P1NHN1","X10P23NNN1",0.0194,0.379133333333333,0.0323333333333333,5e-05,0.569083333333333
"216","X14P20NHN1","X10P23NNN1",0.00463333333333333,0.3562,0.04165,0.00045,0.597066666666667
"217","X14P23NNN1","X10P23NNN1",0.00346666666666667,0.4248,0.0176833333333333,0.00608333333333333,0.547966666666667
"218","X14P3NNN1","X10P23NNN1",0.00391666666666667,0.416616666666667,0.0182166666666667,0.00158333333333333,0.559666666666667
"219","X14P6NNN1","X10P23NNN1",0.00345,0.398516666666667,0.0301333333333333,0.00156666666666667,0.566333333333333
"220","X10P6NNN1","X10P3NNN1",0.00456666666666667,0.357783333333333,0.0462,0.00343333333333333,0.588016666666667
"221","X11P10NHN1","X10P3NNN1",0.00516666666666667,0.367483333333333,0.0502333333333333,0.000983333333333333,0.576133333333333
"222","X11P16NHN1","X10P3NNN1",0.00583333333333333,0.3851,0.0659833333333333,0.000533333333333333,0.54255
"223","X11P19NNN1","X10P3NNN1",0.004,0.339516666666667,0.108483333333333,0.00256666666666667,0.545433333333333
"224","X11P1NHN1","X10P3NNN1",0.02155,0.3576,0.0227833333333333,0.00105,0.597016666666667
"225","X11P20NHN1","X10P3NNN1",0.00835,0.386533333333333,0.0508166666666667,0.0018,0.5525
"226","X11P23NNN1","X10P3NNN1",0.00276666666666667,0.329166666666667,0.0658,0.00155,0.600716666666667
"227","X11P3NNN1","X10P3NNN1",0.0143666666666667,0.36085,0.04145,0.00966666666666667,0.573666666666667
"228","X11P6NNN1","X10P3NNN1",0.00798333333333333,0.351733333333333,0.0798,0.00431666666666667,0.556166666666667
"229","X12P10NHN1","X10P3NNN1",0.00241666666666667,0.366233333333333,0.0684333333333333,0.00035,0.562566666666667
"230","X12P16NHN1","X10P3NNN1",0.0235,0.41945,0.0268166666666667,0,0.530233333333333
"231","X12P19NNN1","X10P3NNN1",0.0062,0.40335,0.0508666666666667,0.00195,0.537633333333333
"232","X12P1NHN1","X10P3NNN1",0.0162,0.42225,0.0391166666666667,0.000516666666666667,0.521916666666667
"233","X12P20NHN1","X10P3NNN1",0.01765,0.411216666666667,0.0489333333333333,0.00035,0.52185
"234","X12P23NNN1","X10P3NNN1",0.00305,0.371783333333333,0.0334,0.00563333333333333,0.586133333333333
"235","X12P3NNN1","X10P3NNN1",0.0068,0.360983333333333,0.05505,0.0022,0.574966666666667
"236","X12P6NNN1","X10P3NNN1",0.0136833333333333,0.4033,0.0321666666666667,0.00571666666666667,0.545133333333333
"237","X13P10NHN1","X10P3NNN1",0.00233333333333333,0.3731,0.0711,0.00348333333333333,0.549983333333333
"238","X13P16NHN1","X10P3NNN1",0.000916666666666667,0.39765,0.0674166666666667,0.00381666666666667,0.5302
"239","X13P19NNN1","X10P3NNN1",0.00168333333333333,0.36635,0.0595833333333333,0.00235,0.570033333333333
"240","X13P1NHN1","X10P3NNN1",0.00216666666666667,0.3905,0.04795,0.00183333333333333,0.55755
"241","X13P20NHN1","X10P3NNN1",0.00506666666666667,0.3841,0.0464666666666667,0.000783333333333333,0.563583333333333
"242","X13P23NNN1","X10P3NNN1",0.00245,0.386516666666667,0.0304166666666667,0.00656666666666667,0.57405
"243","X13P3NNN1","X10P3NNN1",0.0153333333333333,0.330683333333333,0.0634,0.00148333333333333,0.5891
"244","X13P6NNN1","X10P3NNN1",0.00173333333333333,0.396516666666667,0.0595166666666667,0.0106166666666667,0.531616666666667
"245","X14P10NHN1","X10P3NNN1",0.0156666666666667,0.41075,0.0295666666666667,0.00336666666666667,0.54065
"246","X14P16NHN1","X10P3NNN1",0.00433333333333333,0.411816666666667,0.0825666666666667,0.00065,0.500633333333333
"247","X14P19NNN1","X10P3NNN1",0.00426666666666667,0.304333333333333,0.0557166666666667,0.00998333333333333,0.6257
"248","X14P1NHN1","X10P3NNN1",0.0053,0.404783333333333,0.0396666666666667,0.00135,0.5489
"249","X14P20NHN1","X10P3NNN1",0.01785,0.347783333333333,0.0516333333333333,0.0035,0.579233333333333
"250","X14P23NNN1","X10P3NNN1",0.00308333333333333,0.349316666666667,0.0638,0.00205,0.58175
"251","X14P3NNN1","X10P3NNN1",0.00663333333333333,0.348883333333333,0.06895,0.00148333333333333,0.57405
"252","X14P6NNN1","X10P3NNN1",0.00293333333333333,0.336766666666667,0.07705,0.00855,0.5747
"253","X11P10NHN1","X10P6NNN1",0.00583333333333333,0.36585,0.0174833333333333,1e-04,0.610733333333333
"254","X11P16NHN1","X10P6NNN1",0.00426666666666667,0.344283333333333,0.0458166666666667,0.00115,0.604483333333333
"255","X11P19NNN1","X10P6NNN1",0.00508333333333333,0.36945,0.0283333333333333,0.000466666666666667,0.596666666666667
"256","X11P1NHN1","X10P6NNN1",0.00713333333333333,0.35125,0.0188833333333333,0.00228333333333333,0.62045
"257","X11P20NHN1","X10P6NNN1",0.00778333333333333,0.38365,0.0340166666666667,0.00065,0.5739
"258","X11P23NNN1","X10P6NNN1",0.00733333333333333,0.329466666666667,0.0419333333333333,0,0.621266666666667
"259","X11P3NNN1","X10P6NNN1",0.00206666666666667,0.4182,0.00901666666666667,0.0028,0.567916666666667
"260","X11P6NNN1","X10P6NNN1",0.00356666666666667,0.3249,0.0446,0.0038,0.623133333333333
"261","X12P10NHN1","X10P6NNN1",0.00348333333333333,0.398583333333333,0.0208333333333333,0.00405,0.57305
"262","X12P16NHN1","X10P6NNN1",0.00915,0.444766666666667,0.0255166666666667,0.00015,0.520416666666667
"263","X12P19NNN1","X10P6NNN1",0.00298333333333333,0.425416666666667,0.00115,0.03315,0.5373
"264","X12P1NHN1","X10P6NNN1",0.00465,0.456866666666667,0.00603333333333333,0.000383333333333333,0.532066666666667
"265","X12P20NHN1","X10P6NNN1",0.00491666666666667,0.438516666666667,0.000666666666666667,0.000866666666666667,0.555033333333333
"266","X12P23NNN1","X10P6NNN1",0.00181666666666667,0.365283333333333,0.0205,0.00338333333333333,0.609016666666667
"267","X12P3NNN1","X10P6NNN1",0.0025,0.430783333333333,0.000516666666666667,0.00413333333333333,0.562066666666667
"268","X12P6NNN1","X10P6NNN1",0.0209333333333333,0.363716666666667,0.03245,0.00075,0.58215
"269","X13P10NHN1","X10P6NNN1",0.00615,0.403233333333333,0.00341666666666667,0.0119,0.5753
"270","X13P16NHN1","X10P6NNN1",0.00588333333333333,0.367966666666667,0.0512833333333333,0.0370333333333333,0.537833333333333
"271","X13P19NNN1","X10P6NNN1",0.0015,0.389516666666667,9e-04,0.00681666666666667,0.601266666666667
"272","X13P1NHN1","X10P6NNN1",0.00343333333333333,0.346383333333333,0.0765833333333333,0.000533333333333333,0.573066666666667
"273","X13P20NHN1","X10P6NNN1",0.00438333333333333,0.3636,0.0043,0.003,0.624716666666667
"274","X13P23NNN1","X10P6NNN1",0.00528333333333333,0.330633333333333,0.0404,0.00233333333333333,0.62135
"275","X13P3NNN1","X10P6NNN1",0.00581666666666667,0.329166666666667,0.00795,0.00538333333333333,0.651683333333333
"276","X13P6NNN1","X10P6NNN1",0.00683333333333333,0.42235,0.015,0.00055,0.555266666666667
"277","X14P10NHN1","X10P6NNN1",0.00213333333333333,0.456,0.000433333333333333,0.0167333333333333,0.5247
"278","X14P16NHN1","X10P6NNN1",0.0043,0.38335,0.1005,0.0435,0.46835
"279","X14P19NNN1","X10P6NNN1",0.00213333333333333,0.38165,0.0179666666666667,0.000466666666666667,0.597783333333333
"280","X14P1NHN1","X10P6NNN1",0.0107666666666667,0.3529,0.0308666666666667,0.0204333333333333,0.585033333333333
"281","X14P20NHN1","X10P6NNN1",0.0038,0.365383333333333,0.0350833333333333,0.0220666666666667,0.573666666666667
"282","X14P23NNN1","X10P6NNN1",0.00386666666666667,0.406433333333333,0.00095,0.0167333333333333,0.572016666666667
"283","X14P3NNN1","X10P6NNN1",0.00415,0.402383333333333,0.00248333333333333,0.0943833333333333,0.4966
"284","X14P6NNN1","X10P6NNN1",0.00355,0.347516666666667,0.00298333333333333,0.0105666666666667,0.635383333333333
"285","X11P16NHN1","X11P10NHN1",0.0047,0.286616666666667,0.00118333333333333,0.0216,0.6859
"286","X11P19NNN1","X11P10NHN1",0.00116666666666667,0.34805,2e-04,0.01015,0.640433333333333
"287","X11P1NHN1","X11P10NHN1",0.0011,0.3247,0.00175,0.0061,0.66635
"288","X11P20NHN1","X11P10NHN1",0.00358333333333333,0.357766666666667,0.0064,0.000566666666666667,0.631683333333333
"289","X11P23NNN1","X11P10NHN1",0.00126666666666667,0.369183333333333,0.00085,0.02495,0.60375
"290","X11P3NNN1","X11P10NHN1",0.00383333333333333,0.408116666666667,0,0.00545,0.5826
"291","X11P6NNN1","X11P10NHN1",0.00406666666666667,0.328916666666667,0.0168333333333333,0.00303333333333333,0.64715
"292","X12P10NHN1","X11P10NHN1",0.00158333333333333,0.354116666666667,0.00311666666666667,0.0221,0.619083333333333
"293","X12P16NHN1","X11P10NHN1",0.00566666666666667,0.454516666666667,0.01645,0.0240333333333333,0.499333333333333
"294","X12P19NNN1","X11P10NHN1",0.00778333333333333,0.448433333333333,0.00775,0.0154166666666667,0.520616666666667
"295","X12P1NHN1","X11P10NHN1",0.00521666666666667,0.395916666666667,3e-04,0.0141333333333333,0.584433333333333
"296","X12P20NHN1","X11P10NHN1",0.00225,0.409183333333333,0.0101333333333333,0.0056,0.572833333333333
"297","X12P23NNN1","X11P10NHN1",0.00465,0.33605,0.0741666666666667,0.0013,0.583833333333333
"298","X12P3NNN1","X11P10NHN1",0.00506666666666667,0.38935,0.000833333333333333,0.0104,0.59435
"299","X12P6NNN1","X11P10NHN1",0.0148833333333333,0.335083333333333,0.0199666666666667,0.00313333333333333,0.626933333333333
"300","X13P10NHN1","X11P10NHN1",0.0015,0.322216666666667,0.000316666666666667,0.0132833333333333,0.662683333333333
"301","X13P16NHN1","X11P10NHN1",0.00133333333333333,0.368616666666667,0.0149,0.0042,0.61095
"302","X13P19NNN1","X11P10NHN1",0.00686666666666667,0.388416666666667,0.0107,0.00193333333333333,0.592083333333333
"303","X13P1NHN1","X11P10NHN1",0.00095,0.350983333333333,0.0631,0.01615,0.568816666666667
"304","X13P20NHN1","X11P10NHN1",0.0044,0.34935,0.000516666666666667,0.00226666666666667,0.643466666666667
"305","X13P23NNN1","X11P10NHN1",0.00193333333333333,0.298716666666667,0.0311166666666667,0.00253333333333333,0.6657
"306","X13P3NNN1","X11P10NHN1",0.00223333333333333,0.28365,0.000633333333333333,0.0248333333333333,0.68865
"307","X13P6NNN1","X11P10NHN1",0.00181666666666667,0.3717,0.00198333333333333,0.0014,0.6231
"308","X14P10NHN1","X11P10NHN1",0.0047,0.391216666666667,0.00386666666666667,0.000883333333333333,0.599333333333333
"309","X14P16NHN1","X11P10NHN1",0.00195,0.390983333333333,0.06925,0.00115,0.536666666666667
"310","X14P19NNN1","X11P10NHN1",0.00598333333333333,0.366216666666667,0.0163833333333333,0.01025,0.601166666666667
"311","X14P1NHN1","X11P10NHN1",0.00281666666666667,0.40135,0.0123166666666667,0.00045,0.583066666666667
"312","X14P20NHN1","X11P10NHN1",0.00243333333333333,0.363533333333333,0.0594166666666667,0.000116666666666667,0.5745
"313","X14P23NNN1","X11P10NHN1",0.00568333333333333,0.369316666666667,0.00846666666666667,0.0110666666666667,0.605466666666667
"314","X14P3NNN1","X11P10NHN1",0.00615,0.3898,0.00855,0.0157333333333333,0.579766666666667
"315","X14P6NNN1","X11P10NHN1",0.00213333333333333,0.26005,0.00526666666666667,0.00293333333333333,0.729616666666667
"316","X11P19NNN1","X11P16NHN1",0.00241666666666667,0.34985,0.000266666666666667,0.0994833333333333,0.547983333333333
"317","X11P1NHN1","X11P16NHN1",0.00988333333333333,0.339266666666667,0.0011,0.0499166666666667,0.599833333333333
"318","X11P20NHN1","X11P16NHN1",0.00135,0.440216666666667,0.00463333333333333,0.0221,0.5317
"319","X11P23NNN1","X11P16NHN1",0.0027,0.293416666666667,0.000866666666666667,0.03415,0.668866666666667
"320","X11P3NNN1","X11P16NHN1",0.00138333333333333,0.359016666666667,0.0112,0.0197666666666667,0.608633333333333
"321","X11P6NNN1","X11P16NHN1",0.00323333333333333,0.351516666666667,0.000366666666666667,0.00968333333333333,0.6352
"322","X12P10NHN1","X11P16NHN1",0.00613333333333333,0.311716666666667,0.00925,0.0188333333333333,0.654066666666667
"323","X12P16NHN1","X11P16NHN1",0.00713333333333333,0.386233333333333,0.00503333333333333,0.00163333333333333,0.599966666666667
"324","X12P19NNN1","X11P16NHN1",0.00335,0.423216666666667,0.0168,0.005,0.551633333333333
"325","X12P1NHN1","X11P16NHN1",0.00503333333333333,0.426333333333333,0.00425,0.00708333333333333,0.5573
"326","X12P20NHN1","X11P16NHN1",0.0076,0.401616666666667,0.0256833333333333,0.000633333333333333,0.564466666666667
"327","X12P23NNN1","X11P16NHN1",0.00743333333333333,0.338983333333333,0.00055,0.00215,0.650883333333333
"328","X12P3NNN1","X11P16NHN1",0.00226666666666667,0.344383333333333,0.0135333333333333,0.00201666666666667,0.6378
"329","X12P6NNN1","X11P16NHN1",0.0097,0.34305,0.0136166666666667,0.0051,0.628533333333333
"330","X13P10NHN1","X11P16NHN1",0.00465,0.346383333333333,0.0164666666666667,0.000916666666666667,0.631583333333333
"331","X13P16NHN1","X11P16NHN1",0.00608333333333333,0.376966666666667,0.0031,0.00065,0.6132
"332","X13P19NNN1","X11P16NHN1",0.0033,0.3348,0.0628166666666667,0.000183333333333333,0.5989
"333","X13P1NHN1","X11P16NHN1",0.0013,0.334716666666667,0.0657833333333333,0.0137666666666667,0.584433333333333
"334","X13P20NHN1","X11P16NHN1",0.0011,0.341333333333333,0.00025,0.00143333333333333,0.655883333333333
"335","X13P23NNN1","X11P16NHN1",0.00415,0.355933333333333,0.0234333333333333,0.0263166666666667,0.590166666666667
"336","X13P3NNN1","X11P16NHN1",0.00421666666666667,0.315066666666667,0.0176833333333333,0.025,0.638033333333333
"337","X13P6NNN1","X11P16NHN1",0.00361666666666667,0.409383333333333,0.0141666666666667,0.000333333333333333,0.5725
"338","X14P10NHN1","X11P16NHN1",0.00653333333333333,0.377633333333333,0.0114,0.00146666666666667,0.602966666666667
"339","X14P16NHN1","X11P16NHN1",0.00195,0.43195,0.00138333333333333,0.00258333333333333,0.562133333333333
"340","X14P19NNN1","X11P16NHN1",0.00315,0.315,0.0165833333333333,0.0282833333333333,0.636983333333333
"341","X14P1NHN1","X11P16NHN1",0.00953333333333333,0.360383333333333,0.0143166666666667,0,0.615766666666667
"342","X14P20NHN1","X11P16NHN1",0.00491666666666667,0.374266666666667,0.00413333333333333,0.000566666666666667,0.616116666666667
"343","X14P23NNN1","X11P16NHN1",0.00206666666666667,0.362433333333333,0.0270833333333333,0.00116666666666667,0.60725
"344","X14P3NNN1","X11P16NHN1",0.0102333333333333,0.378483333333333,0.0538333333333333,0.000383333333333333,0.557066666666667
"345","X14P6NNN1","X11P16NHN1",0.0028,0.339983333333333,0.06615,0.000233333333333333,0.590833333333333
"346","X11P1NHN1","X11P19NNN1",0.00491666666666667,0.331633333333333,0.000816666666666667,0.0089,0.653733333333333
"347","X11P20NHN1","X11P19NNN1",0.00126666666666667,0.385083333333333,0.0142166666666667,0.00911666666666667,0.590316666666667
"348","X11P23NNN1","X11P19NNN1",0.00146666666666667,0.3369,0.00131666666666667,0.00618333333333333,0.654133333333333
"349","X11P3NNN1","X11P19NNN1",0.00148333333333333,0.352166666666667,0.0204833333333333,0.0057,0.620166666666667
"350","X11P6NNN1","X11P19NNN1",0.00135,0.361616666666667,0.0197833333333333,0.00415,0.6131
"351","X12P10NHN1","X11P19NNN1",0.0011,0.34415,0.0273833333333333,0.01395,0.613416666666667
"352","X12P16NHN1","X11P19NNN1",0.00311666666666667,0.408083333333333,0.0197,0.0128833333333333,0.556216666666667
"353","X12P19NNN1","X11P19NNN1",0.00305,0.46875,0.00336666666666667,0.0093,0.515533333333333
"354","X12P1NHN1","X11P19NNN1",0.00291666666666667,0.482166666666667,0.034,0.00951666666666667,0.4714
"355","X12P20NHN1","X11P19NNN1",0.00361666666666667,0.416833333333333,0.04465,0.000766666666666667,0.534133333333333
"356","X12P23NNN1","X11P19NNN1",0.00533333333333333,0.376416666666667,0.00316666666666667,0.05025,0.564833333333333
"357","X12P3NNN1","X11P19NNN1",0.0016,0.4252,0.0163833333333333,0.00166666666666667,0.55515
"358","X12P6NNN1","X11P19NNN1",0.00735,0.358366666666667,0.0107333333333333,9e-04,0.62265
"359","X13P10NHN1","X11P19NNN1",0.00165,0.403,0.01605,0.00263333333333333,0.576666666666667
"360","X13P16NHN1","X11P19NNN1",0.00423333333333333,0.357883333333333,0.00575,0.00035,0.631783333333333
"361","X13P19NNN1","X11P19NNN1",0.00318333333333333,0.339033333333333,0.0493,0.000266666666666667,0.608216666666667
"362","X13P1NHN1","X11P19NNN1",0.0014,0.404166666666667,0.07725,0.00145,0.515733333333333
"363","X13P20NHN1","X11P19NNN1",0.00168333333333333,0.341816666666667,0.0124166666666667,0.00215,0.641933333333333
"364","X13P23NNN1","X11P19NNN1",0.00238333333333333,0.2678,0.03255,0.0046,0.692666666666667
"365","X13P3NNN1","X11P19NNN1",0.00261666666666667,0.316733333333333,0.0187,0.00898333333333333,0.652966666666667
"366","X13P6NNN1","X11P19NNN1",0.00166666666666667,0.399033333333333,0.02275,0.00166666666666667,0.574883333333333
"367","X14P10NHN1","X11P19NNN1",0.00125,0.424366666666667,0.03435,0.000833333333333333,0.5392
"368","X14P16NHN1","X11P19NNN1",0.00243333333333333,0.392016666666667,0.0798333333333333,3e-04,0.525416666666667
"369","X14P19NNN1","X11P19NNN1",0.00281666666666667,0.384966666666667,0.00168333333333333,0.0140166666666667,0.596516666666667
"370","X14P1NHN1","X11P19NNN1",0.0066,0.348266666666667,0.0155,0.00443333333333333,0.6252
"371","X14P20NHN1","X11P19NNN1",0.00381666666666667,0.368333333333333,0.0204666666666667,3e-04,0.607083333333333
"372","X14P23NNN1","X11P19NNN1",0.00236666666666667,0.386016666666667,0.0266666666666667,0.0032,0.58175
"373","X14P3NNN1","X11P19NNN1",0.00323333333333333,0.3753,0.0608,6e-04,0.560066666666667
"374","X14P6NNN1","X11P19NNN1",0.00293333333333333,0.362333333333333,0.02595,0.000683333333333333,0.6081
"375","X11P20NHN1","X11P1NHN1",0.002,0.39355,6.66666666666667e-05,0.0121333333333333,0.59225
"376","X11P23NNN1","X11P1NHN1",0.0012,0.3359,0.00523333333333333,0.00205,0.655616666666667
"377","X11P3NNN1","X11P1NHN1",0.00421666666666667,0.3682,0.00025,0.000516666666666667,0.626816666666667
"378","X11P6NNN1","X11P1NHN1",0.00105,0.306433333333333,0.00518333333333333,0.00688333333333333,0.68045
"379","X12P10NHN1","X11P1NHN1",0.0015,0.370116666666667,0.00153333333333333,0.0195666666666667,0.607283333333333
"380","X12P16NHN1","X11P1NHN1",0.00095,0.40555,0.000116666666666667,0.0230666666666667,0.570316666666667
"381","X12P19NNN1","X11P1NHN1",0.00556666666666667,0.383866666666667,0.00271666666666667,0.0141666666666667,0.593683333333333
"382","X12P1NHN1","X11P1NHN1",0.0055,0.439,0.00651666666666667,0.00798333333333333,0.541
"383","X12P20NHN1","X11P1NHN1",0.00106666666666667,0.4402,0.0264833333333333,0.00108333333333333,0.531166666666667
"384","X12P23NNN1","X11P1NHN1",0.00173333333333333,0.3344,0.00521666666666667,0.0015,0.65715
"385","X12P3NNN1","X11P1NHN1",0.00516666666666667,0.3903,0.000383333333333333,0.00911666666666667,0.595033333333333
"386","X12P6NNN1","X11P1NHN1",0.0068,0.372516666666667,0.00918333333333333,0.00656666666666667,0.604933333333333
"387","X13P10NHN1","X11P1NHN1",0.00408333333333333,0.400116666666667,0.0156333333333333,0.00418333333333333,0.575983333333333
"388","X13P16NHN1","X11P1NHN1",0.00293333333333333,0.370683333333333,0.000966666666666667,0.00558333333333333,0.619833333333333
"389","X13P19NNN1","X11P1NHN1",0.00235,0.329466666666667,0.0292333333333333,0.0112666666666667,0.627683333333333
"390","X13P1NHN1","X11P1NHN1",0.0051,0.317816666666667,0.0323166666666667,0.00361666666666667,0.64115
"391","X13P20NHN1","X11P1NHN1",0.00265,0.356583333333333,0.000216666666666667,0.00468333333333333,0.635866666666667
"392","X13P23NNN1","X11P1NHN1",0.0016,0.274466666666667,0.0205,0.0245166666666667,0.678916666666667
"393","X13P3NNN1","X11P1NHN1",0.00165,0.300466666666667,0.0112333333333333,0.0208666666666667,0.665783333333333
"394","X13P6NNN1","X11P1NHN1",0.00213333333333333,0.394633333333333,0.000866666666666667,0.00298333333333333,0.599383333333333
"395","X14P10NHN1","X11P1NHN1",0.00408333333333333,0.41285,0,0.00546666666666667,0.5776
"396","X14P16NHN1","X11P1NHN1",8e-04,0.3656,5e-04,0.000983333333333333,0.632116666666667
"397","X14P19NNN1","X11P1NHN1",0.00491666666666667,0.372216666666667,0.0013,0.00336666666666667,0.6182
"398","X14P1NHN1","X11P1NHN1",0.0015,0.356366666666667,0.000533333333333333,0.00195,0.63965
"399","X14P20NHN1","X11P1NHN1",0.000683333333333333,0.363233333333333,0.000916666666666667,0.00495,0.630216666666667
"400","X14P23NNN1","X11P1NHN1",0.00406666666666667,0.3606,0.0133333333333333,0.00143333333333333,0.620566666666667
"401","X14P3NNN1","X11P1NHN1",0.00778333333333333,0.3817,0.0228166666666667,0.00118333333333333,0.586516666666667
"402","X14P6NNN1","X11P1NHN1",0.00295,0.305733333333333,0.0179666666666667,0.00181666666666667,0.671533333333333
"403","X11P23NNN1","X11P20NHN1",0.00226666666666667,0.3808,0.00555,0.00365,0.607733333333333
"404","X11P3NNN1","X11P20NHN1",0.00376666666666667,0.4656,0.00146666666666667,0.001,0.528166666666667
"405","X11P6NNN1","X11P20NHN1",0.00288333333333333,0.381283333333333,0.00136666666666667,0.03945,0.575016666666667
"406","X12P10NHN1","X11P20NHN1",0.00263333333333333,0.433316666666667,0.00273333333333333,0.00341666666666667,0.5579
"407","X12P16NHN1","X11P20NHN1",2e-04,0.449133333333333,5e-05,0.03315,0.517466666666667
"408","X12P19NNN1","X11P20NHN1",0.00431666666666667,0.43895,0.01995,0.00568333333333333,0.5311
"409","X12P1NHN1","X11P20NHN1",0.01285,0.461666666666667,0.00303333333333333,0.006,0.51645
"410","X12P20NHN1","X11P20NHN1",0.00233333333333333,0.45875,0.0281666666666667,0.00218333333333333,0.508566666666667
"411","X12P23NNN1","X11P20NHN1",0.00336666666666667,0.3876,0.000416666666666667,0.00473333333333333,0.603883333333333
"412","X12P3NNN1","X11P20NHN1",0.00458333333333333,0.477716666666667,0.0266666666666667,0.00603333333333333,0.485
"413","X12P6NNN1","X11P20NHN1",0.0112666666666667,0.395783333333333,0.00471666666666667,0.00448333333333333,0.58375
"414","X13P10NHN1","X11P20NHN1",0.0139,0.452733333333333,0.00976666666666667,0.000316666666666667,0.523283333333333
"415","X13P16NHN1","X11P20NHN1",0.00148333333333333,0.426133333333333,5e-04,0.0213833333333333,0.5505
"416","X13P19NNN1","X11P20NHN1",0.00815,0.41035,0.0499833333333333,0.0129,0.518616666666667
"417","X13P1NHN1","X11P20NHN1",0.00263333333333333,0.353466666666667,0.0649,0.000733333333333333,0.578266666666667
"418","X13P20NHN1","X11P20NHN1",0.00305,0.4213,0.000566666666666667,0.03915,0.535933333333333
"419","X13P23NNN1","X11P20NHN1",0.00606666666666667,0.35945,0.0229833333333333,0.00965,0.60185
"420","X13P3NNN1","X11P20NHN1",0.0151,0.359283333333333,0.0418333333333333,0.0293166666666667,0.554466666666667
"421","X13P6NNN1","X11P20NHN1",0.00386666666666667,0.424883333333333,0.0236666666666667,0.00671666666666667,0.540866666666667
"422","X14P10NHN1","X11P20NHN1",0.0018,0.4399,0.000183333333333333,0.000866666666666667,0.55725
"423","X14P16NHN1","X11P20NHN1",0.00126666666666667,0.413316666666667,0.000133333333333333,0.00095,0.584333333333333
"424","X14P19NNN1","X11P20NHN1",0.00688333333333333,0.413433333333333,0.0374666666666667,0.00075,0.541466666666667
"425","X14P1NHN1","X11P20NHN1",0.00095,0.397533333333333,0.000133333333333333,0.01995,0.581433333333333
"426","X14P20NHN1","X11P20NHN1",0.000966666666666667,0.415733333333333,5e-04,0.0225666666666667,0.560233333333333
"427","X14P23NNN1","X11P20NHN1",0.0037,0.4197,0.0455666666666667,0.001,0.530033333333333
"428","X14P3NNN1","X11P20NHN1",0.0164666666666667,0.422716666666667,0.0465333333333333,0.00445,0.509833333333333
"429","X14P6NNN1","X11P20NHN1",0.0193833333333333,0.358683333333333,0.0469,0.00223333333333333,0.5728
"430","X11P3NNN1","X11P23NNN1",0.00393333333333333,0.356916666666667,0.00171666666666667,0.0083,0.629133333333333
"431","X11P6NNN1","X11P23NNN1",0.00283333333333333,0.310916666666667,0.00463333333333333,0.0045,0.677116666666667
"432","X12P10NHN1","X11P23NNN1",0.00235,0.372233333333333,0.0132666666666667,0.00488333333333333,0.607266666666667
"433","X12P16NHN1","X11P23NNN1",0.00143333333333333,0.411766666666667,0.0179833333333333,0.00373333333333333,0.565083333333333
"434","X12P19NNN1","X11P23NNN1",0.00425,0.380583333333333,0.0128666666666667,0.00055,0.60175
"435","X12P1NHN1","X11P23NNN1",0.0032,0.406516666666667,0.00981666666666667,0.00366666666666667,0.5768
"436","X12P20NHN1","X11P23NNN1",0.00255,0.388083333333333,0.0423166666666667,2e-04,0.56685
"437","X12P23NNN1","X11P23NNN1",0.00246666666666667,0.32,0.0130333333333333,0.002,0.6625
"438","X12P3NNN1","X11P23NNN1",0.00313333333333333,0.3759,0.00258333333333333,0.00573333333333333,0.61265
"439","X12P6NNN1","X11P23NNN1",0.0102,0.36305,0.00133333333333333,0.00095,0.624466666666667
"440","X13P10NHN1","X11P23NNN1",0.00225,0.35605,0.0197833333333333,0.00173333333333333,0.620183333333333
"441","X13P16NHN1","X11P23NNN1",0.001,0.370133333333333,0.0600666666666667,0.00085,0.56795
"442","X13P19NNN1","X11P23NNN1",0.00255,0.340283333333333,0.0364333333333333,0.00105,0.619683333333333
"443","X13P1NHN1","X11P23NNN1",0.00241666666666667,0.3524,0.06425,0.00128333333333333,0.57965
"444","X13P20NHN1","X11P23NNN1",0.00393333333333333,0.338516666666667,0.0248666666666667,0.00155,0.631133333333333
"445","X13P23NNN1","X11P23NNN1",0.00218333333333333,0.314783333333333,0.0220333333333333,0.0037,0.6573
"446","X13P3NNN1","X11P23NNN1",0.00223333333333333,0.3377,0.00213333333333333,0.0071,0.650833333333333
"447","X13P6NNN1","X11P23NNN1",0.0033,0.411233333333333,0.0217,0.00106666666666667,0.5627
"448","X14P10NHN1","X11P23NNN1",0.00416666666666667,0.400916666666667,0.01985,0,0.575066666666667
"449","X14P16NHN1","X11P23NNN1",0.00106666666666667,0.400566666666667,0.00876666666666667,0.000433333333333333,0.589166666666667
"450","X14P19NNN1","X11P23NNN1",0.00485,0.30495,0.0119333333333333,0.00273333333333333,0.675533333333333
"451","X14P1NHN1","X11P23NNN1",0.00301666666666667,0.344566666666667,0.0405,0.00015,0.611766666666667
"452","X14P20NHN1","X11P23NNN1",0.0012,0.3617,0.0164333333333333,4e-04,0.620266666666667
"453","X14P23NNN1","X11P23NNN1",0.00366666666666667,0.324983333333333,0.0250833333333333,0.00356666666666667,0.6427
"454","X14P3NNN1","X11P23NNN1",0.0048,0.325883333333333,0.0683,8.33333333333333e-05,0.600933333333333
"455","X14P6NNN1","X11P23NNN1",0.00271666666666667,0.334116666666667,0.0433166666666667,0.00203333333333333,0.617816666666667
"456","X11P6NNN1","X11P3NNN1",0.00176666666666667,0.388616666666667,0.0209,0.00201666666666667,0.5867
"457","X12P10NHN1","X11P3NNN1",0.00153333333333333,0.397466666666667,0.00958333333333333,0.024,0.567416666666667
"458","X12P16NHN1","X11P3NNN1",0.00431666666666667,0.4589,0.0180166666666667,0.01,0.508766666666667
"459","X12P19NNN1","X11P3NNN1",0.00225,0.509883333333333,0.00525,6e-04,0.482016666666667
"460","X12P1NHN1","X11P3NNN1",0.00348333333333333,0.4869,0,0.00446666666666667,0.50515
"461","X12P20NHN1","X11P3NNN1",0.00368333333333333,0.451766666666667,0.00116666666666667,0.00485,0.538533333333333
"462","X12P23NNN1","X11P3NNN1",0.000483333333333333,0.403916666666667,0.0178666666666667,0.000816666666666667,0.576916666666667
"463","X12P3NNN1","X11P3NNN1",0.00203333333333333,0.431383333333333,6e-04,0.01745,0.548533333333333
"464","X12P6NNN1","X11P3NNN1",0.0117833333333333,0.380033333333333,0.00728333333333333,0.00136666666666667,0.599533333333333
"465","X13P10NHN1","X11P3NNN1",0.00393333333333333,0.44035,0.00225,0.0175,0.535966666666667
"466","X13P16NHN1","X11P3NNN1",0.00108333333333333,0.3892,0.01665,8e-04,0.592266666666667
"467","X13P19NNN1","X11P3NNN1",0.00221666666666667,0.36525,0.0042,0.01235,0.615983333333333
"468","X13P1NHN1","X11P3NNN1",0.000916666666666667,0.394183333333333,0.0311166666666667,0.0038,0.569983333333333
"469","X13P20NHN1","X11P3NNN1",0.00156666666666667,0.384483333333333,0.00196666666666667,0.01315,0.598833333333333
"470","X13P23NNN1","X11P3NNN1",0.00315,0.354633333333333,0.01595,0.00506666666666667,0.6212
"471","X13P3NNN1","X11P3NNN1",0.00418333333333333,0.372183333333333,0.00156666666666667,0.0392166666666667,0.58285
"472","X13P6NNN1","X11P3NNN1",0.00305,0.443883333333333,0.00505,0.000383333333333333,0.547633333333333
"473","X14P10NHN1","X11P3NNN1",0.003,0.443916666666667,0.000483333333333333,0.0227,0.5299
"474","X14P16NHN1","X11P3NNN1",0.00208333333333333,0.415016666666667,0.07365,0.0311,0.47815
"475","X14P19NNN1","X11P3NNN1",0.00183333333333333,0.344916666666667,0.0172333333333333,0,0.636016666666667
"476","X14P1NHN1","X11P3NNN1",0.00775,0.39835,0.0160333333333333,0.00233333333333333,0.575533333333333
"477","X14P20NHN1","X11P3NNN1",0.000916666666666667,0.3791,0.01055,0.00085,0.608583333333333
"478","X14P23NNN1","X11P3NNN1",0.00185,0.398383333333333,0.0206,0.00165,0.577516666666667
"479","X14P3NNN1","X11P3NNN1",0.00281666666666667,0.430683333333333,0.0210833333333333,0.00471666666666667,0.5407
"480","X14P6NNN1","X11P3NNN1",0.00241666666666667,0.38155,0.0046,0.0192,0.592233333333333
"481","X12P10NHN1","X11P6NNN1",0.00131666666666667,0.324716666666667,0.0125333333333333,0.00981666666666667,0.651616666666667
"482","X12P16NHN1","X11P6NNN1",0.000783333333333333,0.370783333333333,0.002,0,0.626433333333333
"483","X12P19NNN1","X11P6NNN1",0.00618333333333333,0.442366666666667,0.0244333333333333,0.00075,0.526266666666667
"484","X12P1NHN1","X11P6NNN1",0.0167166666666667,0.473216666666667,0.013,0.000716666666666667,0.49635
"485","X12P20NHN1","X11P6NNN1",0.0036,0.411216666666667,0.0278333333333333,0.0011,0.55625
"486","X12P23NNN1","X11P6NNN1",0.000616666666666667,0.2976,0.00815,0.00165,0.691983333333333
"487","X12P3NNN1","X11P6NNN1",0.00208333333333333,0.39345,0.0175666666666667,0.00946666666666667,0.577433333333333
"488","X12P6NNN1","X11P6NNN1",0.0064,0.3431,0.0109333333333333,0.0270666666666667,0.6125
"489","X13P10NHN1","X11P6NNN1",0.00185,0.363933333333333,0.0211666666666667,0.0048,0.60825
"490","X13P16NHN1","X11P6NNN1",0.00338333333333333,0.325683333333333,0.00196666666666667,3e-04,0.668666666666667
"491","X13P19NNN1","X11P6NNN1",0.0077,0.319083333333333,0.0492666666666667,0.00178333333333333,0.622166666666667
"492","X13P1NHN1","X11P6NNN1",0.00283333333333333,0.353516666666667,0.0786166666666667,0.00498333333333333,0.56005
"493","X13P20NHN1","X11P6NNN1",9e-04,0.32135,0.00818333333333333,0.00425,0.665316666666667
"494","X13P23NNN1","X11P6NNN1",0.00155,0.30585,0.0339666666666667,0.000733333333333333,0.6579
"495","X13P3NNN1","X11P6NNN1",0.01835,0.263066666666667,0.0114666666666667,0.0149333333333333,0.692183333333333
"496","X13P6NNN1","X11P6NNN1",0.00108333333333333,0.362616666666667,0.0486,0.000333333333333333,0.587366666666667
"497","X14P10NHN1","X11P6NNN1",0.0177,0.38645,0.0176833333333333,0.00971666666666667,0.56845
"498","X14P16NHN1","X11P6NNN1",0.00171666666666667,0.3812,0.0797,0.00105,0.536333333333333
"499","X14P19NNN1","X11P6NNN1",0.00615,0.362266666666667,0.0425333333333333,0.00296666666666667,0.586083333333333
"500","X14P1NHN1","X11P6NNN1",0.00335,0.33805,0.00491666666666667,0.000166666666666667,0.653516666666667
"501","X14P20NHN1","X11P6NNN1",0.00305,0.3262,0.0172166666666667,0.00611666666666667,0.647416666666667
"502","X14P23NNN1","X11P6NNN1",0.00155,0.340833333333333,0.0487666666666667,0.00146666666666667,0.607383333333333
"503","X14P3NNN1","X11P6NNN1",0.0231333333333333,0.324416666666667,0.0545166666666667,0.000466666666666667,0.597466666666667
"504","X14P6NNN1","X11P6NNN1",0.00665,0.290583333333333,0.04125,0.0018,0.659716666666667
"505","X12P16NHN1","X12P10NHN1",0.00296666666666667,0.471166666666667,0.000483333333333333,0.049,0.476383333333333
"506","X12P19NNN1","X12P10NHN1",0.00856666666666667,0.464716666666667,0.00561666666666667,0.000966666666666667,0.520133333333333
"507","X12P1NHN1","X12P10NHN1",0.00131666666666667,0.4845,3e-04,0.0351,0.478783333333333
"508","X12P20NHN1","X12P10NHN1",0.00045,0.428,0.00796666666666667,0.0053,0.558283333333333
"509","X12P23NNN1","X12P10NHN1",7e-04,0.37185,0.00653333333333333,0.00248333333333333,0.618433333333333
"510","X12P3NNN1","X12P10NHN1",0.00155,0.405966666666667,0.00185,0.0337333333333333,0.5569
"511","X12P6NNN1","X12P10NHN1",0.00798333333333333,0.410616666666667,0.02055,0.00655,0.5543
"512","X13P10NHN1","X12P10NHN1",0.0013,0.4,0.00623333333333333,0.0150833333333333,0.577383333333333
"513","X13P16NHN1","X12P10NHN1",0.00285,0.403083333333333,0.0019,0.0109,0.581266666666667
"514","X13P19NNN1","X12P10NHN1",0.00833333333333333,0.38945,0.0138833333333333,0.00118333333333333,0.58715
"515","X13P1NHN1","X12P10NHN1",0.000783333333333333,0.3629,0.0313166666666667,0.00343333333333333,0.601566666666667
"516","X13P20NHN1","X12P10NHN1",0.000966666666666667,0.393283333333333,0.00896666666666667,0.0549833333333333,0.5418
"517","X13P23NNN1","X12P10NHN1",0.00206666666666667,0.28315,0.0401166666666667,0.00025,0.674416666666667
"518","X13P3NNN1","X12P10NHN1",0.00153333333333333,0.346216666666667,0.00758333333333333,0.0425666666666667,0.6021
"519","X13P6NNN1","X12P10NHN1",0.00305,0.439766666666667,0.00228333333333333,0.0104833333333333,0.544416666666667
"520","X14P10NHN1","X12P10NHN1",0.00095,0.412916666666667,0.00118333333333333,0.0127666666666667,0.572183333333333
"521","X14P16NHN1","X12P10NHN1",0.00151666666666667,0.417683333333333,6e-04,0.000583333333333333,0.579616666666667
"522","X14P19NNN1","X12P10NHN1",0.00838333333333333,0.352733333333333,0.00698333333333333,0.0245333333333333,0.607366666666667
"523","X14P1NHN1","X12P10NHN1",0.00185,0.4145,0.00493333333333333,0.01355,0.565166666666667
"524","X14P20NHN1","X12P10NHN1",0.000666666666666667,0.406566666666667,0.00125,0.00603333333333333,0.585483333333333
"525","X14P23NNN1","X12P10NHN1",0.00266666666666667,0.3748,0.0165833333333333,0.0021,0.60385
"526","X14P3NNN1","X12P10NHN1",0.00936666666666667,0.411683333333333,0.0286333333333333,0.00211666666666667,0.5482
"527","X14P6NNN1","X12P10NHN1",0.0089,0.360583333333333,0.012,0.00586666666666667,0.61265
"528","X12P19NNN1","X12P16NHN1",0.00426666666666667,0.514583333333333,0.00238333333333333,0.00278333333333333,0.475983333333333
"529","X12P1NHN1","X12P16NHN1",0.0025,0.517783333333333,1e-04,0.0162333333333333,0.463383333333333
"530","X12P20NHN1","X12P16NHN1",0.000633333333333333,0.471133333333333,0.0043,5e-05,0.523883333333333
"531","X12P23NNN1","X12P16NHN1",0.000433333333333333,0.433783333333333,6.66666666666667e-05,0.00298333333333333,0.562733333333333
"532","X12P3NNN1","X12P16NHN1",0.00211666666666667,0.451483333333333,0.00551666666666667,0.00323333333333333,0.53765
"533","X12P6NNN1","X12P16NHN1",0.00275,0.435316666666667,0.0212,0.0079,0.532833333333333
"534","X13P10NHN1","X12P16NHN1",0.009,0.477566666666667,0.0135166666666667,0.000433333333333333,0.499483333333333
"535","X13P16NHN1","X12P16NHN1",0.000683333333333333,0.402083333333333,0,0.0362333333333333,0.561
"536","X13P19NNN1","X12P16NHN1",0.00821666666666667,0.43155,0.01795,0.000216666666666667,0.542066666666667
"537","X13P1NHN1","X12P16NHN1",0.00573333333333333,0.413183333333333,0.0386,0.000583333333333333,0.5419
"538","X13P20NHN1","X12P16NHN1",0.00343333333333333,0.4353,0,0.0229166666666667,0.53835
"539","X13P23NNN1","X12P16NHN1",0.0066,0.367166666666667,0.0342166666666667,5e-05,0.591966666666667
"540","X13P3NNN1","X12P16NHN1",0.00736666666666667,0.39415,0.0179833333333333,0.0253666666666667,0.555133333333333
"541","X13P6NNN1","X12P16NHN1",0.00275,0.47275,0.00766666666666667,0.0117666666666667,0.505066666666667
"542","X14P10NHN1","X12P16NHN1",0.002,0.5163,0.00386666666666667,0.00148333333333333,0.47635
"543","X14P16NHN1","X12P16NHN1",0.000933333333333333,0.43925,0.00311666666666667,0.00685,0.54985
"544","X14P19NNN1","X12P16NHN1",0.00703333333333333,0.41915,0.00523333333333333,0.00575,0.562833333333333
"545","X14P1NHN1","X12P16NHN1",0.0015,0.41275,5e-05,0.0216,0.5641
"546","X14P20NHN1","X12P16NHN1",0.00328333333333333,0.398716666666667,0.000266666666666667,0.02915,0.568583333333333
"547","X14P23NNN1","X12P16NHN1",0.00431666666666667,0.4381,0.01245,0.00936666666666667,0.535766666666667
"548","X14P3NNN1","X12P16NHN1",0.00665,0.44755,0.0275,0.01015,0.50815
"549","X14P6NNN1","X12P16NHN1",0.00605,0.421433333333333,0.0182333333333333,0.00828333333333333,0.546
"550","X12P1NHN1","X12P19NNN1",0.00355,0.549883333333333,0.00263333333333333,0.0140333333333333,0.4299
"551","X12P20NHN1","X12P19NNN1",0.00193333333333333,0.506983333333333,0.00218333333333333,0.00141666666666667,0.487483333333333
"552","X12P23NNN1","X12P19NNN1",0.0021,0.418516666666667,0.00996666666666667,0.0026,0.566816666666667
"553","X12P3NNN1","X12P19NNN1",0.00361666666666667,0.49355,0.00498333333333333,0.0387166666666667,0.459133333333333
"554","X12P6NNN1","X12P19NNN1",0.0253666666666667,0.418666666666667,0.0425,0.00045,0.513016666666667
"555","X13P10NHN1","X12P19NNN1",0.0054,0.490133333333333,0.00151666666666667,0.00723333333333333,0.495716666666667
"556","X13P16NHN1","X12P19NNN1",0.00351666666666667,0.409766666666667,0.00338333333333333,0.00578333333333333,0.57755
"557","X13P19NNN1","X12P19NNN1",0.00131666666666667,0.429683333333333,0.00315,0.0174166666666667,0.548433333333333
"558","X13P1NHN1","X12P19NNN1",0.003,0.45095,0.0831666666666667,0.00148333333333333,0.4614
"559","X13P20NHN1","X12P19NNN1",0.00286666666666667,0.445233333333333,0,0.00375,0.54815
"560","X13P23NNN1","X12P19NNN1",0.0041,0.376333333333333,0.0405333333333333,0.0182166666666667,0.560816666666667
"561","X13P3NNN1","X12P19NNN1",0.00508333333333333,0.3775,0.00221666666666667,0.0530166666666667,0.562183333333333
"562","X13P6NNN1","X12P19NNN1",0.00415,0.450566666666667,0.0021,0.01285,0.530333333333333
"563","X14P10NHN1","X12P19NNN1",0.00191666666666667,0.510583333333333,0.00268333333333333,0.0078,0.477016666666667
"564","X14P16NHN1","X12P19NNN1",0.0029,0.448066666666667,0.0450333333333333,0.00365,0.50035
"565","X14P19NNN1","X12P19NNN1",0.00298333333333333,0.45775,4e-04,0.01355,0.525316666666667
"566","X14P1NHN1","X12P19NNN1",0.00771666666666667,0.414966666666667,0.0216,0.00516666666666667,0.55055
"567","X14P20NHN1","X12P19NNN1",0.00251666666666667,0.39765,0.00291666666666667,0.00335,0.593566666666667
"568","X14P23NNN1","X12P19NNN1",0.0017,0.4564,0.000933333333333333,0.01425,0.526716666666667
"569","X14P3NNN1","X12P19NNN1",0.00223333333333333,0.515233333333333,0.00261666666666667,0.00621666666666667,0.4737
"570","X14P6NNN1","X12P19NNN1",0.00123333333333333,0.441616666666667,0.000516666666666667,0.00441666666666667,0.552216666666667
"571","X12P20NHN1","X12P1NHN1",0.00455,0.5136,0.0188666666666667,0.00206666666666667,0.460916666666667
"572","X12P23NNN1","X12P1NHN1",0.001,0.4418,0.00118333333333333,0.00241666666666667,0.5536
"573","X12P3NNN1","X12P1NHN1",0.00293333333333333,0.500083333333333,0.000333333333333333,0.0213333333333333,0.475316666666667
"574","X12P6NNN1","X12P1NHN1",0.0131166666666667,0.42655,0.0173833333333333,0.0126,0.53035
"575","X13P10NHN1","X12P1NHN1",0.00555,0.489033333333333,0.00308333333333333,0.0044,0.497933333333333
"576","X13P16NHN1","X12P1NHN1",0.00285,0.454233333333333,0.00165,0.00575,0.535516666666667
"577","X13P19NNN1","X12P1NHN1",0.0042,0.450216666666667,0.0185333333333333,0.00373333333333333,0.523316666666667
"578","X13P1NHN1","X12P1NHN1",0.00106666666666667,0.391116666666667,0.03165,0.00258333333333333,0.573583333333333
"579","X13P20NHN1","X12P1NHN1",0.00183333333333333,0.427316666666667,0,0.0301166666666667,0.540733333333333
"580","X13P23NNN1","X12P1NHN1",0.00536666666666667,0.371766666666667,0.0342666666666667,0.0081,0.5805
"581","X13P3NNN1","X12P1NHN1",0.00453333333333333,0.4352,0.0186333333333333,0.0428333333333333,0.4988
"582","X13P6NNN1","X12P1NHN1",0.00481666666666667,0.4648,0,0.00213333333333333,0.52825
"583","X14P10NHN1","X12P1NHN1",0.00651666666666667,0.48325,0.000233333333333333,0.0389833333333333,0.471016666666667
"584","X14P16NHN1","X12P1NHN1",0.00276666666666667,0.448083333333333,0.0562833333333333,0.00351666666666667,0.48935
"585","X14P19NNN1","X12P1NHN1",0.00365,0.411083333333333,0.03275,0.00591666666666667,0.5466
"586","X14P1NHN1","X12P1NHN1",0.01835,0.452,0.00965,0.00595,0.51405
"587","X14P20NHN1","X12P1NHN1",0.0011,0.44895,0.00166666666666667,0.00298333333333333,0.5453
"588","X14P23NNN1","X12P1NHN1",0.0018,0.462233333333333,0.000766666666666667,0.00298333333333333,0.532216666666667
"589","X14P3NNN1","X12P1NHN1",0.00568333333333333,0.49305,0.0047,0.00835,0.488216666666667
"590","X14P6NNN1","X12P1NHN1",0.00455,0.482733333333333,0.0129333333333333,0.0106666666666667,0.489116666666667
"591","X12P23NNN1","X12P20NHN1",0.00193333333333333,0.3874,0.0314,0.000866666666666667,0.5784
"592","X12P3NNN1","X12P20NHN1",0.00278333333333333,0.466833333333333,0.00645,0.00348333333333333,0.52045
"593","X12P6NNN1","X12P20NHN1",0.01265,0.417116666666667,0.0471833333333333,0.000666666666666667,0.522383333333333
"594","X13P10NHN1","X12P20NHN1",0.00608333333333333,0.446783333333333,0.000533333333333333,0.00498333333333333,0.541616666666667
"595","X13P16NHN1","X12P20NHN1",0.000583333333333333,0.408883333333333,0.00481666666666667,0.00215,0.583566666666667
"596","X13P19NNN1","X12P20NHN1",0.00483333333333333,0.417283333333333,0.00136666666666667,0.00545,0.571066666666667
"597","X13P1NHN1","X12P20NHN1",0.00666666666666667,0.432533333333333,0.0716,0.000566666666666667,0.488633333333333
"598","X13P20NHN1","X12P20NHN1",0.00561666666666667,0.37835,0.02325,0.00413333333333333,0.58865
"599","X13P23NNN1","X12P20NHN1",0.00425,0.329016666666667,0.0588166666666667,0.000683333333333333,0.607233333333333
"600","X13P3NNN1","X12P20NHN1",0.00648333333333333,0.395833333333333,0.0340166666666667,0.00348333333333333,0.560183333333333
"601","X13P6NNN1","X12P20NHN1",0.00141666666666667,0.461366666666667,0.0456666666666667,0.00361666666666667,0.487933333333333
"602","X14P10NHN1","X12P20NHN1",0.00248333333333333,0.473883333333333,0.00378333333333333,0.02525,0.4946
"603","X14P16NHN1","X12P20NHN1",0.00266666666666667,0.433383333333333,0.05595,0.0025,0.5055
"604","X14P19NNN1","X12P20NHN1",0.0081,0.415433333333333,0.0287166666666667,0.000133333333333333,0.547616666666667
"605","X14P1NHN1","X12P20NHN1",0.0156,0.4205,0.00768333333333333,0.00108333333333333,0.555133333333333
"606","X14P20NHN1","X12P20NHN1",0.000616666666666667,0.4028,0.0038,0.00316666666666667,0.589616666666667
"607","X14P23NNN1","X12P20NHN1",0.00283333333333333,0.431016666666667,0.00015,0.00588333333333333,0.560116666666667
"608","X14P3NNN1","X12P20NHN1",0.00435,0.442883333333333,0.00158333333333333,0.00288333333333333,0.5483
"609","X14P6NNN1","X12P20NHN1",0.00461666666666667,0.43175,0.0197,0.00255,0.541383333333333
"610","X12P3NNN1","X12P23NNN1",0.00123333333333333,0.373583333333333,0.0291333333333333,0.0012,0.59485
"611","X12P6NNN1","X12P23NNN1",8e-04,0.403933333333333,0.00965,0.0061,0.579516666666667
"612","X13P10NHN1","X12P23NNN1",0.00123333333333333,0.362283333333333,0.0281,0.00025,0.608133333333333
"613","X13P16NHN1","X12P23NNN1",0.000616666666666667,0.395466666666667,5e-05,0.00316666666666667,0.6007
"614","X13P19NNN1","X12P23NNN1",0.00218333333333333,0.363933333333333,0.026,0.00251666666666667,0.605366666666667
"615","X13P1NHN1","X12P23NNN1",0.0024,0.350083333333333,0.0329833333333333,0.00111666666666667,0.613416666666667
"616","X13P20NHN1","X12P23NNN1",0.000516666666666667,0.369533333333333,0.000783333333333333,0.00658333333333333,0.622583333333333
"617","X13P23NNN1","X12P23NNN1",0.0017,0.333833333333333,0.0358333333333333,0.0061,0.622533333333333
"618","X13P3NNN1","X12P23NNN1",0.00111666666666667,0.337816666666667,0.0240166666666667,0.00348333333333333,0.633566666666667
"619","X13P6NNN1","X12P23NNN1",0.000933333333333333,0.408116666666667,0.00356666666666667,0.04575,0.541633333333333
"620","X14P10NHN1","X12P23NNN1",0.00153333333333333,0.406133333333333,0.01785,0.0017,0.572783333333333
"621","X14P16NHN1","X12P23NNN1",8.33333333333333e-05,0.3909,0.0507,0.00141666666666667,0.5569
"622","X14P19NNN1","X12P23NNN1",0.00201666666666667,0.386483333333333,0.0104666666666667,0.00116666666666667,0.599866666666667
"623","X14P1NHN1","X12P23NNN1",0.0026,0.358983333333333,0.00155,0.0125833333333333,0.624283333333333
"624","X14P20NHN1","X12P23NNN1",0.00123333333333333,0.4039,0.000316666666666667,0.000933333333333333,0.593616666666667
"625","X14P23NNN1","X12P23NNN1",0.00116666666666667,0.415533333333333,0.0164666666666667,0.00158333333333333,0.56525
"626","X14P3NNN1","X12P23NNN1",0.00288333333333333,0.34895,0.04635,0.00478333333333333,0.597033333333333
"627","X14P6NNN1","X12P23NNN1",0.00301666666666667,0.307816666666667,0.0308833333333333,0.000916666666666667,0.657366666666667
"628","X12P6NNN1","X12P3NNN1",0.0133333333333333,0.376416666666667,0.0207833333333333,0.00495,0.584516666666667
"629","X13P10NHN1","X12P3NNN1",0.00448333333333333,0.438683333333333,0.00313333333333333,0.00895,0.54475
"630","X13P16NHN1","X12P3NNN1",0.00336666666666667,0.37925,0.0434,0.0103166666666667,0.563666666666667
"631","X13P19NNN1","X12P3NNN1",0.00365,0.389733333333333,0.0058,0.00725,0.593566666666667
"632","X13P1NHN1","X12P3NNN1",0.00196666666666667,0.404366666666667,0.0697166666666667,0.00618333333333333,0.517766666666667
"633","X13P20NHN1","X12P3NNN1",0.00141666666666667,0.367683333333333,0,0.00403333333333333,0.626866666666667
"634","X13P23NNN1","X12P3NNN1",0.00408333333333333,0.359416666666667,0.0531666666666667,0.00161666666666667,0.581716666666667
"635","X13P3NNN1","X12P3NNN1",0.00415,0.3897,0.00045,0.0112666666666667,0.594433333333333
"636","X13P6NNN1","X12P3NNN1",0.00411666666666667,0.450966666666667,0.002,0.00281666666666667,0.5401
"637","X14P10NHN1","X12P3NNN1",0.0018,0.454866666666667,0.0035,0.00588333333333333,0.53395
"638","X14P16NHN1","X12P3NNN1",0.00255,0.413366666666667,0.0691166666666667,0.00106666666666667,0.5139
"639","X14P19NNN1","X12P3NNN1",0.00568333333333333,0.37625,0.0111666666666667,0.0038,0.6031
"640","X14P1NHN1","X12P3NNN1",0.00806666666666667,0.40485,0.0104,5e-04,0.576183333333333
"641","X14P20NHN1","X12P3NNN1",0.00161666666666667,0.404033333333333,0.0443333333333333,0.0037,0.546316666666667
"642","X14P23NNN1","X12P3NNN1",0.00271666666666667,0.415366666666667,0.00363333333333333,0.00418333333333333,0.5741
"643","X14P3NNN1","X12P3NNN1",0.00483333333333333,0.430416666666667,0.0114166666666667,0.0115166666666667,0.541816666666667
"644","X14P6NNN1","X12P3NNN1",0.00466666666666667,0.4076,0,0.0219333333333333,0.5658
"645","X13P10NHN1","X12P6NNN1",0.01645,0.3724,0.04015,0.000183333333333333,0.570816666666667
"646","X13P16NHN1","X12P6NNN1",0.00113333333333333,0.41595,0.000966666666666667,4e-04,0.58155
"647","X13P19NNN1","X12P6NNN1",0.0157666666666667,0.386783333333333,0.0448,0.000333333333333333,0.552316666666667
"648","X13P1NHN1","X12P6NNN1",0.00866666666666667,0.368483333333333,0.0383166666666667,0.0045,0.580033333333333
"649","X13P20NHN1","X12P6NNN1",0.00958333333333333,0.3831,0.00546666666666667,0.000783333333333333,0.601066666666667
"650","X13P23NNN1","X12P6NNN1",0.0117,0.328516666666667,0.0302166666666667,0.000983333333333333,0.628583333333333
"651","X13P3NNN1","X12P6NNN1",0.00943333333333333,0.336233333333333,0.0213333333333333,9e-04,0.6321
"652","X13P6NNN1","X12P6NNN1",0.00561666666666667,0.38755,0.006,0.00493333333333333,0.5959
"653","X14P10NHN1","X12P6NNN1",0.0162833333333333,0.416083333333333,0.0270666666666667,0.00115,0.539416666666667
"654","X14P16NHN1","X12P6NNN1",0.00185,0.430083333333333,0.0702166666666667,0.000633333333333333,0.497216666666667
"655","X14P19NNN1","X12P6NNN1",0.0106333333333333,0.353516666666667,0.0392666666666667,0.00233333333333333,0.59425
"656","X14P1NHN1","X12P6NNN1",0.00445,0.419066666666667,0.0305833333333333,0.00371666666666667,0.542183333333333
"657","X14P20NHN1","X12P6NNN1",0.0146333333333333,0.40815,0.0158166666666667,0.00133333333333333,0.560066666666667
"658","X14P23NNN1","X12P6NNN1",0.0158,0.367033333333333,0.0593333333333333,0.00055,0.557283333333333
"659","X14P3NNN1","X12P6NNN1",0.0176666666666667,0.34135,0.0812166666666667,0.000233333333333333,0.559533333333333
"660","X14P6NNN1","X12P6NNN1",0.0188833333333333,0.354316666666667,0.0423833333333333,0.00148333333333333,0.582933333333333
"661","X13P16NHN1","X13P10NHN1",0.00231666666666667,0.4077,0.0148166666666667,0.00583333333333333,0.569333333333333
"662","X13P19NNN1","X13P10NHN1",0.0021,0.404266666666667,0.00918333333333333,0.0152666666666667,0.569183333333333
"663","X13P1NHN1","X13P10NHN1",7e-04,0.3793,0.06555,0.000666666666666667,0.553783333333333
"664","X13P20NHN1","X13P10NHN1",0.00406666666666667,0.380383333333333,0.00228333333333333,0.00101666666666667,0.61225
"665","X13P23NNN1","X13P10NHN1",0.00186666666666667,0.3433,0.0439166666666667,0.00258333333333333,0.608333333333333
"666","X13P3NNN1","X13P10NHN1",0.00171666666666667,0.357733333333333,8.33333333333333e-05,0.0213833333333333,0.619083333333333
"667","X13P6NNN1","X13P10NHN1",0.00101666666666667,0.430366666666667,0.00633333333333333,0.00116666666666667,0.561116666666667
"668","X14P10NHN1","X13P10NHN1",0.00415,0.433833333333333,0.00236666666666667,0.0366666666666667,0.522983333333333
"669","X14P16NHN1","X13P10NHN1",0.00213333333333333,0.411983333333333,0.07875,0.0122333333333333,0.4949
"670","X14P19NNN1","X13P10NHN1",0.00586666666666667,0.366916666666667,0.0453,0.00188333333333333,0.580033333333333
"671","X14P1NHN1","X13P10NHN1",0.00256666666666667,0.39445,0.01735,0.000666666666666667,0.584966666666667
"672","X14P20NHN1","X13P10NHN1",0.00656666666666667,0.368366666666667,0.0308166666666667,0.0167333333333333,0.577516666666667
"673","X14P23NNN1","X13P10NHN1",0.00441666666666667,0.438866666666667,0.00318333333333333,0.0102,0.543333333333333
"674","X14P3NNN1","X13P10NHN1",0.00655,0.418883333333333,0.0062,0.0139666666666667,0.5544
"675","X14P6NNN1","X13P10NHN1",0.00266666666666667,0.391933333333333,0.0179833333333333,0.0208166666666667,0.5666
"676","X13P19NNN1","X13P16NHN1",0.00278333333333333,0.3617,0.0477166666666667,0.0011,0.5867
"677","X13P1NHN1","X13P16NHN1",0.000583333333333333,0.380516666666667,0.0303333333333333,4e-04,0.588166666666667
"678","X13P20NHN1","X13P16NHN1",0.00203333333333333,0.39225,0.000583333333333333,0.0185666666666667,0.586566666666667
"679","X13P23NNN1","X13P16NHN1",0.00345,0.33845,0.0384833333333333,0.00085,0.618766666666667
"680","X13P3NNN1","X13P16NHN1",0.0018,0.3301,0.0247666666666667,0.0114,0.631933333333333
"681","X13P6NNN1","X13P16NHN1",0.000766666666666667,0.436916666666667,0.00216666666666667,0.0368666666666667,0.523283333333333
"682","X14P10NHN1","X13P16NHN1",0.00193333333333333,0.410616666666667,0.0042,0.00425,0.579
"683","X14P16NHN1","X13P16NHN1",0.00115,0.404916666666667,0.00361666666666667,0.001,0.589316666666667
"684","X14P19NNN1","X13P16NHN1",0.0041,0.35155,0.03295,0.000766666666666667,0.610633333333333
"685","X14P1NHN1","X13P16NHN1",0.00275,0.415483333333333,0.000466666666666667,0.0150833333333333,0.566216666666667
"686","X14P20NHN1","X13P16NHN1",0.00203333333333333,0.3741,0.000533333333333333,0.0417,0.581633333333333
"687","X14P23NNN1","X13P16NHN1",0.0058,0.381733333333333,0.0100166666666667,0.00526666666666667,0.597183333333333
"688","X14P3NNN1","X13P16NHN1",0.00346666666666667,0.349916666666667,0.03975,0.00473333333333333,0.602133333333333
"689","X14P6NNN1","X13P16NHN1",0.00193333333333333,0.34055,0.0497166666666667,0.0014,0.6064
"690","X13P1NHN1","X13P19NNN1",0.00286666666666667,0.366416666666667,0.0750166666666667,0.00166666666666667,0.554033333333333
"691","X13P20NHN1","X13P19NNN1",0.0042,0.401033333333333,0.00543333333333333,0.007,0.582333333333333
"692","X13P23NNN1","X13P19NNN1",0.00263333333333333,0.368166666666667,0.0431333333333333,0.00221666666666667,0.58385
"693","X13P3NNN1","X13P19NNN1",0.00456666666666667,0.357366666666667,0.00065,0.0162333333333333,0.621183333333333
"694","X13P6NNN1","X13P19NNN1",0.00265,0.433683333333333,0.00895,0.00171666666666667,0.553
"695","X14P10NHN1","X13P19NNN1",0.00128333333333333,0.433,0.00401666666666667,0.00331666666666667,0.558383333333333
"696","X14P16NHN1","X13P19NNN1",0.00366666666666667,0.38995,0.0886,3e-04,0.517483333333333
"697","X14P19NNN1","X13P19NNN1",0.000783333333333333,0.377716666666667,0.0153666666666667,0.00345,0.602683333333333
"698","X14P1NHN1","X13P19NNN1",0.00401666666666667,0.386316666666667,0.0124333333333333,0,0.597233333333333
"699","X14P20NHN1","X13P19NNN1",0.00248333333333333,0.349416666666667,0.0443166666666667,0.0137666666666667,0.590016666666667
"700","X14P23NNN1","X13P19NNN1",0.00116666666666667,0.38475,0.00823333333333333,0.00638333333333333,0.599466666666667
"701","X14P3NNN1","X13P19NNN1",0.000866666666666667,0.3995,0.0046,0.0106833333333333,0.58435
"702","X14P6NNN1","X13P19NNN1",0.00106666666666667,0.37815,0.00065,0.0042,0.615933333333333
"703","X13P20NHN1","X13P1NHN1",0.00105,0.342383333333333,0.0644833333333333,0.00213333333333333,0.58995
"704","X13P23NNN1","X13P1NHN1",0.00111666666666667,0.3056,0.0816333333333333,4e-04,0.61125
"705","X13P3NNN1","X13P1NHN1",0.0012,0.283383333333333,0.07005,0.00501666666666667,0.64035
"706","X13P6NNN1","X13P1NHN1",0.00015,0.376483333333333,0.0305,0.00383333333333333,0.589033333333333
"707","X14P10NHN1","X13P1NHN1",0.00416666666666667,0.3885,0.0383,0.000433333333333333,0.5686
"708","X14P16NHN1","X13P1NHN1",0.00221666666666667,0.373366666666667,0.0485,0.0025,0.573416666666667
"709","X14P19NNN1","X13P1NHN1",0.00256666666666667,0.350066666666667,0.0769,4e-04,0.570066666666667
"710","X14P1NHN1","X13P1NHN1",0.0157166666666667,0.376366666666667,0.0344166666666667,0.000833333333333333,0.572666666666667
"711","X14P20NHN1","X13P1NHN1",0.00326666666666667,0.351983333333333,0.0656666666666667,0.00025,0.578833333333333
"712","X14P23NNN1","X13P1NHN1",0.00128333333333333,0.370016666666667,0.0832666666666667,0.000266666666666667,0.545166666666667
"713","X14P3NNN1","X13P1NHN1",0.00286666666666667,0.3796,0.0990166666666667,0.000616666666666667,0.5179
"714","X14P6NNN1","X13P1NHN1",0.00266666666666667,0.314116666666667,0.0832,0.00153333333333333,0.598483333333333
"715","X13P23NNN1","X13P20NHN1",0.00295,0.366583333333333,0.0320833333333333,0.0012,0.597183333333333
"716","X13P3NNN1","X13P20NHN1",0.0011,0.3304,0.00128333333333333,0.0477666666666667,0.61945
"717","X13P6NNN1","X13P20NHN1",0.00281666666666667,0.4064,0.00193333333333333,0.01365,0.5752
"718","X14P10NHN1","X13P20NHN1",0.00121666666666667,0.402616666666667,0,0.0178,0.578366666666667
"719","X14P16NHN1","X13P20NHN1",0.00208333333333333,0.4061,0.0109333333333333,0.0341333333333333,0.54675
"720","X14P19NNN1","X13P20NHN1",0.00285,0.3357,0.000466666666666667,0.0166666666666667,0.644316666666667
"721","X14P1NHN1","X13P20NHN1",0.00686666666666667,0.372616666666667,0.000233333333333333,0.0233333333333333,0.59695
"722","X14P20NHN1","X13P20NHN1",0.00456666666666667,0.38295,0.000716666666666667,0.0394833333333333,0.572283333333333
"723","X14P23NNN1","X13P20NHN1",0.00221666666666667,0.378733333333333,0,0.00223333333333333,0.616816666666667
"724","X14P3NNN1","X13P20NHN1",0.00458333333333333,0.374233333333333,0.0106666666666667,0.0038,0.606716666666667
"725","X14P6NNN1","X13P20NHN1",0.00413333333333333,0.3407,0.00035,0.000316666666666667,0.6545
"726","X13P3NNN1","X13P23NNN1",0.00185,0.260883333333333,0.0341333333333333,0.00971666666666667,0.693416666666667
"727","X13P6NNN1","X13P23NNN1",0.00211666666666667,0.33215,0.0437333333333333,0.0019,0.6201
"728","X14P10NHN1","X13P23NNN1",0.00633333333333333,0.362066666666667,0.0188666666666667,8e-04,0.611933333333333
"729","X14P16NHN1","X13P23NNN1",0.00335,0.34775,0.105916666666667,0.0036,0.539383333333333
"730","X14P19NNN1","X13P23NNN1",0.00325,0.28805,0.0350666666666667,0.0240333333333333,0.6496
"731","X14P1NHN1","X13P23NNN1",0.00258333333333333,0.3323,0.0252,0.00015,0.639766666666667
"732","X14P20NHN1","X13P23NNN1",0.0160666666666667,0.327233333333333,0.0250833333333333,0.00355,0.628066666666667
"733","X14P23NNN1","X13P23NNN1",0.00333333333333333,0.333816666666667,0.0513666666666667,0.0425833333333333,0.5689
"734","X14P3NNN1","X13P23NNN1",0.00583333333333333,0.32395,0.0658166666666667,0.00326666666666667,0.601133333333333
"735","X14P6NNN1","X13P23NNN1",0.00365,0.2673,0.0448166666666667,0.00648333333333333,0.67775
"736","X13P6NNN1","X13P3NNN1",0.00181666666666667,0.37815,0.0144166666666667,0.00198333333333333,0.603633333333333
"737","X14P10NHN1","X13P3NNN1",0.00358333333333333,0.41715,0.00728333333333333,0.0261166666666667,0.545866666666667
"738","X14P16NHN1","X13P3NNN1",0.000966666666666667,0.35085,0.0878,0.0357,0.524683333333333
"739","X14P19NNN1","X13P3NNN1",0.00306666666666667,0.345383333333333,0.01445,0.00243333333333333,0.634666666666667
"740","X14P1NHN1","X13P3NNN1",0.00521666666666667,0.3386,0.02285,0.01255,0.620783333333333
"741","X14P20NHN1","X13P3NNN1",0.00748333333333333,0.349366666666667,0.0186666666666667,0.000183333333333333,0.6243
"742","X14P23NNN1","X13P3NNN1",0.00598333333333333,0.382283333333333,0.015,0.00228333333333333,0.59445
"743","X14P3NNN1","X13P3NNN1",0.00383333333333333,0.354766666666667,0.0196166666666667,0.0114166666666667,0.610366666666667
"744","X14P6NNN1","X13P3NNN1",0.00358333333333333,0.30175,0.001,0.0138,0.679866666666667
"745","X14P10NHN1","X13P6NNN1",0.00405,0.448816666666667,0.00146666666666667,0.00025,0.545416666666667
"746","X14P16NHN1","X13P6NNN1",0.000983333333333333,0.432516666666667,0.05525,0.0058,0.50545
"747","X14P19NNN1","X13P6NNN1",0.00505,0.431783333333333,0.0136166666666667,0.00303333333333333,0.546516666666667
"748","X14P1NHN1","X13P6NNN1",0.00348333333333333,0.406566666666667,0.000933333333333333,0.0172833333333333,0.571733333333333
"749","X14P20NHN1","X13P6NNN1",0.00168333333333333,0.4305,0.00303333333333333,0.00863333333333333,0.55615
"750","X14P23NNN1","X13P6NNN1",0.00315,0.4091,0.00331666666666667,0.00308333333333333,0.58135
"751","X14P3NNN1","X13P6NNN1",0.00508333333333333,0.440533333333333,0.00968333333333333,0.00576666666666667,0.538933333333333
"752","X14P6NNN1","X13P6NNN1",0.0028,0.405283333333333,0.02005,2e-04,0.571666666666667
"753","X14P16NHN1","X14P10NHN1",0.00205,0.456266666666667,0.0413333333333333,0.0215333333333333,0.478816666666667
"754","X14P19NNN1","X14P10NHN1",0.00255,0.375683333333333,0.0149,0.0017,0.605166666666667
"755","X14P1NHN1","X14P10NHN1",0.00553333333333333,0.421916666666667,0.00103333333333333,0.0269833333333333,0.544533333333333
"756","X14P20NHN1","X14P10NHN1",0.00396666666666667,0.407583333333333,0.000833333333333333,0.0209,0.566716666666667
"757","X14P23NNN1","X14P10NHN1",0.00265,0.424866666666667,0.0100166666666667,0.00285,0.559616666666667
"758","X14P3NNN1","X14P10NHN1",0.00251666666666667,0.444716666666667,0.0113833333333333,0.0277,0.513683333333333
"759","X14P6NNN1","X14P10NHN1",0.00251666666666667,0.381766666666667,0.00118333333333333,0.0121,0.602433333333333
"760","X14P19NNN1","X14P16NHN1",0.0025,0.379483333333333,0.00538333333333333,0.000783333333333333,0.61185
"761","X14P1NHN1","X14P16NHN1",0.00185,0.37465,0.0170166666666667,0.00385,0.602633333333333
"762","X14P20NHN1","X14P16NHN1",0.00195,0.4138,0.00436666666666667,0.00105,0.578833333333333
"763","X14P23NNN1","X14P16NHN1",0.00473333333333333,0.4142,0.08215,0.00853333333333333,0.490383333333333
"764","X14P3NNN1","X14P16NHN1",0.00243333333333333,0.409883333333333,0.0913833333333333,0.0503833333333333,0.445916666666667
"765","X14P6NNN1","X14P16NHN1",0.00315,0.39215,0.0978333333333333,0.00205,0.504816666666667
"766","X14P1NHN1","X14P19NNN1",0.0076,0.312033333333333,0.02365,0.00215,0.654566666666667
"767","X14P20NHN1","X14P19NNN1",0.00316666666666667,0.3338,0.00953333333333333,0.00126666666666667,0.652233333333333
"768","X14P23NNN1","X14P19NNN1",0.00215,0.3698,0.00858333333333333,0.0256,0.593866666666667
"769","X14P3NNN1","X14P19NNN1",0.00286666666666667,0.358683333333333,0.0147833333333333,0.0078,0.615866666666667
"770","X14P6NNN1","X14P19NNN1",0.00141666666666667,0.330683333333333,0.01575,0.00181666666666667,0.650333333333333
"771","X14P20NHN1","X14P1NHN1",0.00035,0.374866666666667,0,0.041,0.583783333333333
"772","X14P23NNN1","X14P1NHN1",0.00806666666666667,0.350116666666667,0.02215,0.0142333333333333,0.605433333333333
"773","X14P3NNN1","X14P1NHN1",0.0100166666666667,0.3524,0.0289333333333333,0.0105166666666667,0.598133333333333
"774","X14P6NNN1","X14P1NHN1",0.00545,0.33835,0.0348,0.00835,0.61305
"775","X14P23NNN1","X14P20NHN1",0.00221666666666667,0.363266666666667,0.00315,0.0185833333333333,0.612783333333333
"776","X14P3NNN1","X14P20NHN1",0.00305,0.3654,0.0140833333333333,0.012,0.605466666666667
"777","X14P6NNN1","X14P20NHN1",0.00471666666666667,0.356033333333333,0.0500833333333333,0.00463333333333333,0.584533333333333
"778","X14P3NNN1","X14P23NNN1",0.00203333333333333,0.397683333333333,0.000766666666666667,0.0382,0.561316666666667
"779","X14P6NNN1","X14P23NNN1",0.00228333333333333,0.3917,0.000216666666666667,0.00605,0.59975
"780","X14P6NNN1","X14P3NNN1",0.00185,0.363983333333333,0.00311666666666667,0.01485,0.6162
