SampleID,Conductivity,H,OH,Cl,Br,NO3,SO4,K,Na,Ca,Mg,Al,Ba,Ag,As,Be,Bi,Cd,Co,Cr,Cs,Cu,Zn,Fe,Mn,Li,Ni,Pb,Se,Sr,U
FW126.7.25.12.02,22.64507422,794.3282347,1.58489E-05,0.553423333,0,1026.15,4.35244,0.483684211,0.252353333,9.379184615,1.092823529,242.8737715,0.0662335,0,0.2868,0,0,158.937,28.005925,4.764816667,0,1.425713077,0.3988868,0.513743333,141.0845238,0,62.5976,2.244,0.11176,0.552839762,1445.088967
GW247.7.11.14.12.02,27.82726046,1.318256739,0.009549926,0.42493,0,1444.65,0.084504,0.195630058,0.085098,131.1178077,2.911847059,0.043397143,8.842807,0.2124,0,9.5025,0,3.5956,0.441175,0.069658333,0.013026429,0.006153077,0.0190526,0,28.28545714,0.09920025,1.348826667,0.16945,0,2.921327857,2.6813
GW246.1.11.26.12.02,25.07422402,33.11311215,0.000380189,0.478143333,0,1347.13,0.128104,0.168851347,0.123809333,100.8931538,2.626076471,28.58036,2.7335585,0.21363,0.6663,14.22775,0,61.3512,11.0279,0.059966667,0.011916429,0.025443846,0.0459274,0.110756667,92.50119048,0.1229915,23.15998,0.19495,0.21174,2.392534048,8.648233333
FW104.7.26.12.02,20.87719298,1.230268771,0.01023293,0.310256667,0,558.42,22.1328,0.528321053,0.125289667,12.11043077,1.356535294,8.247510438,0.099949,0,0.176,0,0,6.7976,2.158725,0.07595,0,0.120764615,0.043032,0.924253333,146.1488095,0,2.432533333,0,0,0.664613333,1138.410367
FW104.67.11.14.12.02,18.43454791,6.025595861,0.002089296,0.407683333,0,906.87,1.175508,0.467736842,0.130266,93.43180769,1.372,4.144601429,0.1607265,0.21213,0,10.01775,0,24.5092,3.3537,0.092791667,0.011617857,0.031873077,0.0402496,10.65956667,147.7083333,0.0176215,6.935093333,0.2014,0,0.800378333,299.6013667
GW754.40.1.7.13.02,0.238326586,741.3102413,1.69824E-05,0.002467964,0,0.093335973,0.090067085,0.016691947,0,0.1059,0,0,0.074437,0.10512,0,0,0,0,0,0,0,0,0.0080862,0,0,0,0,0,0,0.021630238,0.066333333
FW106.7.25.12.02,11.33738192,204.1737945,6.16595E-05,0.543753333,0.03606,331.12,6.83052,1.757310526,0.302658333,2.422969231,0.303917647,0,0.028064,0,0.4901,0,0,32.113,12.5956,2.251825,0,0.520163077,0.2079128,0,46.13690476,0,36.59735333,2.44265,0.53652,0.123836667,599.3396
GW526.15.11.27.12.02,12.77732794,0.011220185,1.122018454,0.051792066,0.000231147,584.996,0.012085722,0.1199247,0.472012333,1.468507692,0,0.037473571,8.973538,0.21266,0,9.515,0,0.7978,0,0.0784,0.011831429,0.017963846,0.0145638,0.03532,0.047494048,0.16133125,0,0.16105,0,5.149226667,0.3443
FW106.11.13.12.02,10.61268556,281.8382931,4.46684E-05,0.530283333,0,269.204,8.25076,1.139163158,0.288446333,2.102030769,0,77.49785714,0.038724,0.21733,0.8416,14.77275,0,26.456,12.7342,3.19645,0.011827857,0.623441538,0.2197466,0.12501,38.68809524,0.48646075,47.89036,1.5945,0.47242,0.087941905,554.1518
PTMW02.4.12.11.12.02,12.56005398,19.05460718,0.000660693,0.176708333,0,507.757,0.497272,0.204076268,0.058639333,56.05619231,0.878276471,3.015510714,0.1663145,0.21127,0,10.14075,0,64.97,2.11145,0.077866667,0.011612857,0.208233077,0.036287,0.14564,61.96666667,0.01077225,2.323753333,0.2984,0,0.50793,28.3906
GW346.47.11.27.12.02,9.353576248,0.263026799,0.047863009,0.083794766,1.49788E-05,459.063,0.073609262,0.126954874,0.035705667,37.00086154,1.279441176,0.030560714,1.0326965,0.20996,0,9.46925,0,0.8022,0.0773,0.289341667,0.011932143,0.008998462,0.016333,0,0.161484524,0.05161675,0,0.17045,0,6.196756905,0.6578
FW021.46.11.27.12.02,10.75168691,371.5352291,3.38844E-05,0.253855,0,450.69,0.16778,0.151721053,0.089734,30.53941538,0.693535294,81.78642857,1.036723,0.10662,0,19.63025,0,34.5286,30.63475,0,0,0.091060769,0.1793394,0,152.9190476,0.0567385,35.59350667,0.18435,0.25732,0.326863571,125.0488667
FW410.28.46.11.13.12.02,4.527665317,204.1737945,6.16595E-05,0.082700891,0,151.613,0.007404019,0.241757495,0.031547,0.667723077,0,52.99214286,1.64952,0.21475,0,25.15875,0,33.4292,10.650725,0.074075,0.011620714,0.045464615,0.0948696,0.694986667,39.76939048,0.4494735,12.12711333,0.2662,0,0.103674524,434.069
GW753.79.1.7.13.02,0.290148448,3.31131E-05,380.1893963,0.005244916,0,0.025600516,0.012424835,0.014295558,0,0.155469231,0,0,0.1914925,0.10546,0,0,0,0,0,0,0,0,0.0053634,0,0,0,0,0,0,0.098037143,0.105033333
FW603.55.12.3.12.02,9.32928475,0.831763771,0.015135612,0.06369354,0,375.26,0.013807687,0.031343047,0.009732667,52.79386154,0.573411765,0,2.476676,0,0,0,0,0,0.474675,0,0,0,0.0066072,0,0.121125,0,0,0,0,0.634242143,1.6203
FW109.35.61.11.14.12.02,2.066126856,208.9296131,6.0256E-05,0.105621667,0,57.046,2.455096,0.186191826,0,0.574715385,0,32.45240143,0.0326735,0.2204,0,12.22475,0,15.5194,7.49295,0.101841667,0.011625,0.012963846,0.0788446,0.058436667,36.05015714,0.1036965,6.098633333,0.20205,0,0.062773571,315.1620333
FW109.2.7.25.12.02,0.02168691,93.32543008,0.000134896,0.08607,0,50.592,1.1329,0.159821053,0.015423,0.535453846,0.144135294,30.75958302,0,0,0,0,0,15.162,7.607575,0.077841667,0,0.017403077,0.0779372,0,30.98690476,0.12064725,6.00038,0,0,0.07108881,313.4295
FW021.7.26.12.02,7.273954116,151.3561248,8.31764E-05,0.179215,0,251.206,0.053384,0.101584211,0.057638667,3.011938462,0.404370588,151.3544653,0.898236,0,0.1301,9.8145,0,19.66,13.014525,0.05025,0,0.042242308,0.0986454,0,89.51547619,0.026346,15.83554,0.0876,0.12314,0.220657619,49.13073333
GW101.11.13.12.02,2.322537112,0.154881662,0.081283052,0.070407108,0.000338219,147.09,0.030057497,0.025561021,0,3.230638462,0,0.806566429,1.4100895,0.21622,0,9.6405,0,1.3148,0.223775,0.0602,0.011602143,0.170445385,0.018608,15.28440333,9.938569048,0.01730875,0.171973333,0.16675,0,0.528351429,13.91103333
FW109.40.92.11.14.12.02,3.678812416,83.17637711,0.000151356,0.138375,0,133.008,1.010096,0.182011979,0.026217,1.668207692,0,43.61294714,0.0655795,0.21557,0,12.684,0,26.4782,7.87825,0.205583333,0.011630714,0.026835385,0.0625946,0.09449,42.08095238,0.11673175,8.337046667,0.23795,0,0.118504762,145.5357667
GW537.24.11.26.12.02,3.533063428,0.323593657,0.038904514,0.030266576,0.00033097,140.559,0.022921489,0.013450626,0,3.543653846,0,0,0.5517235,0.21354,0,9.53075,0,0.7918,0,0.086533333,0.011593571,0,0.0081186,0.087646667,0.029966667,0.0158925,0,0.1568,0,0.316143571,0.2819
GW123.93.11.14.12.02,2.201079622,0.000102329,123.0268771,0.024168685,0.000395567,0.164288246,0.000959415,0.047450974,0.168181667,0,0,0.108757143,0.0431925,0.21701,0,9.513,0,0.8118,0,0.072683333,0.011736429,0.012569231,0.0089214,0,0,0.119086,0,0.1593,0,0.072367143,0.907066667
GW125.85.2.20.13.02,3.425101215,0.000102329,123.0268771,0.28116,0.005972021,0.222904121,0.284584,0.040987168,0.188831,0,0,0.037316429,0.0425485,0.21128,0,9.501,0,0.8002,0,0.097241667,0.011704286,0.026903077,0.0189168,0,0,0.0888615,0,0.19155,0,0.062679762,0.161133333
FW510.26.11.26.12.02,2.429149798,97.7237221,0.000128825,0.129573333,0,85.047,0.090724,0.181779353,0,1.2139,0,10.83897786,0.2321315,0.21181,0,10.89325,0,32.646,1.603375,0.067716667,0.01189,0.006009231,0.0197446,0,10.47840833,0.0174655,1.977526667,0.1882,0,0.086503571,28.33916667
GW761.29.1.28.13.02,0.514035088,0.257039578,0.048977882,0.073280304,0,1.064397825,0.083054293,0.004798632,0,0.448446154,0,0,0.07442,0.10671,0,0,0,0,0,0.04605,0,0,0.007199,0,0,0,0.73806,0,0,0.023670238,0.0715
GW621.21.12.17.12.02,0.48097166,0.064565423,0.19498446,0.016866443,0,0.763174365,0.092187402,0.006448647,0,0.553684615,0,0.016028571,0.0244785,0.10531,0,0,0,0,0,0.053891667,0,0.008058462,0.0070684,0,0,0,0,0,0,0.024472143,0.5478
FW602.2.26.2.11.28.12.02,2.299595142,0.331131121,0.03801894,0.039707676,0,81.656,0.030706552,0.017241068,0.006594667,14.26542308,0.175764706,0,0.3098295,0,0,0,0,0,0,0,0,0,0.0074916,0,0.312230952,0,0,0,0,0.186365952,1.511166667
GW925.68.1.28.13.02,0.883535762,0.000162181,77.62471166,0.005661764,0,0.226689516,0.082848641,0.016076247,0.029695667,0.017984615,0,0.090989286,0.044307,0.1063,0,0,0,0,0,0,0,0.004379231,0.0063662,0.06746,0.021328571,0.01269475,0,0,0,0.054228571,0.721833333
GW105.12.11.12.02,2.259109312,0.371535229,0.033884416,0.034467405,0,72.998,0.074256404,0.017013232,0,1.699938462,0,0.027754286,0.619625,0.20949,0,9.50875,0,0.8446,0,0.061758333,0.011726429,0.01141,0.0440838,0,0.196927381,0.01437225,0.085746667,0.17375,0,0.126539286,0.1635
TPB16.81.11.28.12.02,1.13805668,0.263026799,0.047863009,0.025372995,0,0.362078695,0.3434,0.026454863,0,0.967676923,0,0,0.0512565,0.10616,0,0,0,0,0,0.0584,0,0,0.006215,0.207343333,0.341242857,0,0,0,0,0.094180476,51.08823333
FW215.84.11.27..12.02,0.860188934,0.251188643,0.050118723,0.02598695,0,0.550343138,0.303657478,0.027190532,0,0.924015385,0,0,0.0522195,0.10947,0,0,0,0,0,0.0441,0,0,0.008034,0,0.564888095,0,0,0,0,0.094984048,48.4077
GW631.98.12.11.12.02,0.43022942,47.86300923,0.000263027,0.140203333,0.00099351,0.140210132,0.059592074,0.012857568,0,0.105084615,0,0.234080714,0.12321,0.2089,0,9.71175,0.17844,0.8226,1.719575,0.053683333,0.011607857,0.071121538,0.0282246,1.023083333,3.145332143,0.0134605,0.176753333,0.1806,0,0.018484048,0.189033333
GW779.8.2.18.13.02,0.621997301,0.000281838,44.66835922,0.02642862,0,0,0.035730313,0.015946563,0.032679667,0,0,0,0.1080285,0.1054,0,0,0,0,0,0,0,0,0.0058588,0,0,0.013628,0,0,0,0.093774524,0.078133333
FW233.17.2.99.11.28.12.02,1.082186235,0.426579519,0.029512092,0.026586185,0,0.503344835,0.29958,0.025335842,0,0.922038462,0,0.046475,0.2056395,0.10482,0,0,0,0,0,0,0,0.046238462,0.0081506,11.14688,0.686586905,0,0,0,0,0.094657143,43.697
GW122.78.11.14.12.02,1.962213225,0.229086765,0.054954087,0.131203333,0,42.0626,0.1495,0.084917011,0.020744667,1.510123077,0,0.032285,0.179227,0.21017,0,9.4975,0,0.804,0,0.062366667,0.011611429,0.020140769,0.0147432,0,0.127770238,0.03548125,0,0.17125,0,1.586543333,1.437066667
TPB16.7.26.12.02,1.948717949,0.079432823,0.158489319,0.031663646,0,2.507077047,0.299972,0.021363158,0.006354667,0.813653846,0.108776471,0,0.0417155,0,0,0,0,0,0,0.0327,0,0,0.008869,0,0.551190476,0,0,0,0,0.093526429,38.2212
GW737.12.12.12.02,1.264777328,0.218776162,0.057543994,0.00881977,0,0.138038077,0.014445577,0.014589205,0.007370667,0.798776923,0,0.015185,0.0760065,0.10611,0,0,0,0,0,0,0,0.003775385,0.0076888,0,0.595029762,0,0,0,0,0.053633333,0.361466667
GW782.72.2.18.13.02,0.751012146,0.030199517,0.416869383,0.062026132,0.000419442,0.289964152,0.102496807,0.015395779,0,0.649538462,0,0.011915714,0.155321,0.10815,0,0,0,0,0,0,0,0.006913077,0.0087312,0,0,0,0,0,0,0.108150238,0.081
GW755.69.1.8.13.02,0.52145749,0.000457088,27.54228703,0.051723926,0.00046876,0.101009834,0.080555543,0.019348658,0.024896333,0.2067,0,0,0.095792,0.10443,0.191,4.73225,0,0.3982,0.00375,0.040283333,0.005821429,0.001666923,0.0102642,0,0.032622619,0.012109,0.055926667,0.08915,0,0.209635714,0.1144
GW228.12.2.4.13.02,0.381106613,0.000489779,25.70395783,0.061684257,0.000358754,0.762400716,0.078690259,0.022322326,0,0.077415385,0,0.057407143,0.022297,0.10626,0,0,0,0,0,0,0,0.051118462,0.0123562,0,0,0,0,0,0,0.025409524,0.308733333
GW706.96.12.17.12.02,0.958704453,0.013182567,0.954992586,0.069021991,0.000412755,7.572,0.112792749,0.031703205,0,0.881346154,0,0.014704286,0.0803475,0.10467,0,0,0,0,0,0,0,0.009374615,0.011189,0,0.044905952,0,0,0,0,0.076471667,1.748033333
DP16D.67.11.27.12.02,0.892037787,0.213796209,0.058884366,0.03952,0,14.1022,0.259376,0.031379705,0.009754,1.075146154,0,2.46009,0.134562,0.10549,0,0,0,2.0894,1.39135,0,0,0,0.0156664,6.441843333,11.1815881,0.01200375,1.610253333,0,0,0.088542857,24.81373333
GW639.90.1.23.13.02,1.140755735,0.000630957,19.95262315,0.014986068,0.000286537,0.008911113,0.111759387,0.010839884,0.076882,0,0,0.124367143,0,0.10429,0,0,0,0,0,0,0,0.011551538,0.0116956,0,0,0.02024175,0,0,0,0.01552881,1.2008
GW385.80.2.18.13.02,1.052753036,0.000645654,19.498446,0.00504846,0,0.02806038,0.087607004,0.016201247,0.067768667,0,0,0,0.027134,0.10522,0,0,0,0,0,0,0,0.003606154,0.007042,0,0,0.02964675,0,0,0,0.026582143,0.074433333
GW705.9.2.21.13.02,1.203373819,0.000645654,19.498446,0.116556667,0.002623046,0,0.106490824,0.014683111,0.070415333,0,0,0.301492143,0,0.10436,0,0,0,0,0,0,0,0.012786154,0.0117148,0,0,0.0300725,0,0,0,0.04710381,0.1606
FW511.7.26.12.02,0.401349528,9.77237221,0.00128825,0.101005,0,18.9484,0.695128,0.067415789,0.006848,0.052684615,0.012029412,0,0.020292,0,0,0,0,1.4114,0.28665,0,0,0,0.0094758,0,1.869047619,0,0.20582,0,0,0,6.554366667
GW658.63.1.23.13.02,0.613090418,0.398107171,0.031622777,0.027202696,0.004537733,0,0,0.004186079,0,0.392261538,0,0.012313571,0.071487,0.10537,0,0,0,0,0.51655,0.063866667,0,0.005319231,0.0182734,0,17.73540833,0,0,0,0,0.036664762,0.0842
GW345.51.11.27.12.02,0.248043185,5.888436554,0.002137962,0.013074494,0,17.1018,0.033122282,0.018061879,0,0.327923077,0,0.053217857,0.11531,0.21091,0.3434,9.544,0,0.8298,0.044325,0.058458333,0.011602143,0.007026923,0.017874,0,0.231227381,0.010938,0.113473333,0.1708,0,0.040625714,0.633466667
GW363.94.1.22.13.02,0.573414305,0.00074131,16.98243652,0.017031404,0.000362701,0.041705496,0.040963766,0.010214153,0.035189333,0.130169231,0,0.055099286,0.03766,0.10406,0,0,0,0,0,0,0,0.012633077,0.0125346,0,0.059121429,0.01208,0,0,0,0.029729286,1.641066667
GW704.5.12.17.12.02,0.71417004,0.023988329,0.52480746,0.05671396,0.000943325,4.747026062,0.100560112,0.014808389,0,0.534707692,0,0.013960714,0.0549975,0.1045,0,0,0,0,0,0,0,0.010093077,0.0131766,0,0,0,0,0,0,0.07743881,0.474466667
GW804.13.2.11.13.02,0.813900135,12.30268771,0.001023293,0.253203333,0,1.081165883,0.089866722,0.018825184,0.011557333,0.235138462,0,0.093657857,0.287814,0.10485,0,0,0,0,0.0984,0.050075,0,0.075732308,0.0545434,0,0.31097619,0,0.572,0.3335,0,0.043907619,0.0722
FW511.61.11.26.12.02,0.416869096,10.96478196,0.001148154,0.11881,0,11.8547,0.02699,0.0858733,0,0.088792308,0,1.113952143,0.0363425,0.21093,0,9.754,0.12088,3.4738,0.37945,0.084291667,0.011701429,0,0.0087716,0,1.783564286,0.0122575,0.313846667,0.16575,0,0.008166667,7.8286
GW101.7.26.12.02,1.261538462,0.063095734,0.199526231,0.0683465,0,0.69136,0.0145968,0.014626316,0.007834,0.960623077,0.121758824,0,0.4267285,0,0.0763,0,0,0,0,0.037791667,0,0.004010769,0.007435,11.00363,3.846428571,0,0.0471,0,0,0.139180238,4.866666667
GW736.14.12.3.12.02,1.237112011,0.229086765,0.054954087,0.094905,0.000339467,2.883564621,0.179279276,0.019554268,0.009016333,0.907153846,0,0.019469286,0.091696,0.10613,0,0,0,0,0,0,0,0.003684615,0.0073716,0,0.482165476,0,0,0,0,0.075971667,1.355033333
GW127.16.11.26.12.02,1.113225371,0.281838293,0.044668359,0.139615,0,1.33504,0.167536,0.012198684,0,0.984053846,0,0.053699286,0.027924,0.21071,0,9.53825,0,0.9132,0.0468,0.072266667,0.011624286,0.003616923,0.0177944,0.070873333,3.145920238,0.01084125,0,0.1659,0,0.067557143,1.026566667
GW190.22.12.11.12.02,0.466126856,0.204173794,0.0616595,0.018525922,0,0.04957004,0.121975135,0.006545221,0,0.372984615,0,0.024887143,0.068438,0.20864,0,9.511,0.17404,0.7946,0,0.076616667,0.011592143,0.018243846,0.016361,0,0.181642857,0.0129315,0,0.1655,0,0.038159048,0.160433333
GW350.74.2.12.13.02,0.735492578,0.213796209,0.058884366,0.022544354,0.000365585,0,0.053551235,0.018076621,0,0.710569231,0,0.027231429,0.02744,0.20853,0,9.4935,0,0.8172,0,0.0577,0.011602143,0.019261538,0.0167422,1.12716,0.34615119,0.010582,0,0.1708,0,0.028307143,0.1924
GW107.91.12.11.12.02,3.804318489,0.660693448,0.019054607,0.414986667,0.001138548,8.4127,3.76244,0.010806911,0,4.186623077,0,0.020905,0.020035,0.20836,0,9.49025,0.13112,0.8496,0,0.070141667,0.0116,0.007571538,0.0212098,0,0.216359524,0.01578025,0,0.17085,0,0.181969762,0.319633333
GW115.2.11.26.12.02,0.78488529,0.09332543,0.134896288,0.122633333,0,0.145274889,0.058723614,0.012141742,0,0.8485,0,0.032927143,0.1342325,0.20815,0,9.47475,0,0.8154,0,0.053733333,0.011645,0.018836154,0.0164288,1.746583333,0.919483333,0.014576,0,0.16745,0,0.046014524,0.709033333
GW636.32.1.28.13.02,0.429014845,0.001348963,9.332543008,0.013319085,0.000258537,0.014326129,0.01505374,0.027678868,0.025218333,0.026853846,0,0.042707857,0.0667025,0.10618,0,0,0,0,0,0,0,0.013417692,0.0098248,0,0.029492857,0.01477475,0,0,0,0.084423571,0.266233333
FW300.59.10.19.12.02,0.511336032,0.257039578,0.048977882,0.003643228,0,0.365965957,0.025886324,0.008137016,0,0.517384615,0,0.021578571,0.0465055,0,0,0,0,0,0,0,0,0,0.0101226,0.224263333,0.236925,0,0,0,0,0.027378571,7.187466667
GW929.2.11.13.02,0.046950067,6.60693448,0.001905461,0.001964844,0,0.017664217,0.017025247,0.004184305,0,0,0,0.021631429,0,0.10615,0,0,0,0,0,0,0,0.013896923,0.0119958,0,0.047154762,0,0,0,0,0.00194381,0.070633333
GW641.30.1.23.13.02,0.034534413,5.623413252,0.002238721,0.003116719,0,0.077312983,0.002330636,0.004009084,0,0.016276923,0,0.027472143,0.0397625,0.10496,0,0,0,0,0,0.0536,0,0.04524,0.0347864,0,0.03332619,0,0,0,0,0.011440952,0.208666667
GW085.58.12.3.12.02,0.492712551,0.051286138,0.245470892,0.005401653,0,5.472832732,0.036271709,0.003988337,0,0.647053846,0,0.011769286,0.0542505,0.07324,0,0,0,0,0,0,0,0,0.0080922,0,0,0,0,0,0,0.023534524,0
FW301.81.10.19.12.02,0.451282051,0.208929613,0.060255959,0.005889311,0,3.635660916,0.036557568,0.012482621,0,0.606230769,0,0.298232143,0.038694,0.07645,0,0,0,1.1376,0.264125,0,0,0,0.0115344,0.098866667,2.677755952,0,0.320353333,0,0,0.028496905,5.3221
GW928.54.2.11.13.02,0.325910931,0.204173794,0.0616595,0.00218282,0,0,0.048186237,0.024100503,0,0.603523715,0,1.261835441,0.054724616,0.11879615,0.001765113,0,0.038188861,0.811194569,0.741684751,0.010281186,0,0.012774761,0.008080009,4.780149496,5.290001837,0.010504851,1.017100495,0.033990472,0,0,0
GW764.23.1.11.13.02,0.265991903,0.002691535,4.677351413,0.007311517,0,1.442912353,0.067487754,0.018455568,0.009890333,0.271292308,0,0.119511429,0.10862,0.11522,0,0,0,0.6204,0.11645,0,0,0.005108462,0.0102336,0.081666667,0.831625,0,0,0,0,0.08501881,4.9621
GW199.42.1.28.13.02,0.78488529,0.295120923,0.042657952,0.009153727,0,0.016933916,0.083863507,0.017319726,0,0.687461538,0,0.009506429,0.056211,0.10435,0.1908,4.7355,0.02322,0.3982,0,0.032483333,0.005807143,0.009778462,0.0117514,2.836216667,0.113917857,0.0055925,0,0.08505,0,0.050463333,0.099233333
GW384.12.17.12.02,1.083535762,0.229086765,0.054954087,0.077048948,0.000976251,0,0.111290468,0.018512347,0,0.975415385,0,0.019802857,0.2806535,0.10477,0,0,0,0,0,0,0,0.049631538,0.0090328,4.565356667,0.690464286,0,0,0,0,0.165377381,0.093233333
GW694.33.12.3.12.02,0.6,0.050118723,0.251188643,0.026070946,0,1.948292586,0.060616616,0.011103463,0,0.446884615,0,0.020689286,0.037323,0.10475,0,0,0,0,0,0,0,0.007686154,0.0064696,0,0.033994048,0,0,0,0,0.028730952,0.945
GW803.31.1.23.13.02,0.536707152,3.981071706,0.003162278,0.155043333,0.000354852,3.388706155,0,0.027558032,0,0.195430769,0,0.026170714,0.5134675,0.10435,0,0,0,0,0.245125,0.0609,0,0.007499231,0.0267498,0,0.104775,0,0.469013333,0.1415,0,0.044445238,0.0703
FW301.81.2.20.13.02,0.059635628,3.801893963,0.003311311,0.002109081,0,0,0.032762184,0.005118511,0,0.030653846,0,0,0.022101,0.07444,0,0,0,0,0,0,0,0,0.0147056,0,0.021221429,0,0,0,0,0,0
GW531.83.11.28.12.02,0.053549258,3.235936569,0.003890451,0,0,0,0,0.002938442,0,0.041823077,0,0,0.055109,0,0,0,0,0,0,0,0,0,0.00557,0,0,0,0,0,0,0.015189524,0.175866667
FW303.11.10.23.12.02,0.426990553,0.069183097,0.181970086,0.005547153,0,0.396236601,0.029589785,0.007663853,0,0.403969231,0,0.012146429,0.036164,0.07521,0,0,0,0,0,0,0,0,0.0081908,0,0.051377381,0,0,0,0,0.039987857,2.709666667
GW086.25.12.3.12.02,0.371255061,0.338844156,0.037153523,0.004113514,0,2.69736673,0.13120394,0.004088511,0,0.498292308,0,0.007262143,0.0478245,0.07318,0,0,0,0,0,0,0,0,0.0078936,0,0,0,0,0,0,0.015477143,0
GW162.37.2.19.13.02,0.33414305,0.00616595,2.041737945,0.002680771,0,0,0.025715148,0.009101805,0.006028667,0.211584615,0,0.012189286,0.065641,0.07277,0,0,0,0,0,0,0,0,0.0037554,0.23491,0.077447619,0,0,0,0,0.08471881,0
FW301.7.25.12.02,0.276653171,0.831763771,0.015135612,0.004677685,0,1.894840529,0.069512937,0.013031579,0.003343667,0.300615385,0.011035294,0.439233904,0.0324195,0,0,0,0,0,0.060375,0,0,0,0.0078818,0,0.707142857,0,0.247393333,0,0,0.018317143,0.916533333
GW148.12.17.12.02,1.887989204,0.354813389,0.035481339,0.409686667,0.001073777,0,0.062053723,0.015272253,0.015056333,1.450161538,0,0.011047857,0.171963,0.10375,0,0,0,0,0,0,0,0.007047692,0.0101886,0.206973333,1.343283333,0,0.63974,0,0,0.174891905,0.123166667
GW098.57.1.22.13.02,1.796221323,0.371535229,0.033884416,0.223503333,0.0059995,0,0.072860136,0.026709937,0.009368667,1.764461538,0,0.013308571,0.316657,0.10495,0,0,0,0,0,0,0,0,0.0070262,0.83843,1.093390476,0.012454,0.305566667,0.1863,0,0.22242619,0.763933333
GW283.43.1.29.13.02,1.469635628,0.112201845,0.112201845,0.236628333,0,0.31448164,0.068429768,0.026995837,0.035436,0.550546154,0,0.017915714,0.1261085,0.10587,0,0,0,0,0,0,0,0.005037692,0.0083434,0,0.314252381,0,0,0,0,0.094554286,0.758933333
GW60.1A.60.2.4.13.02,1.452091768,0.041686938,0.301995172,0.26513,0.001091524,0.01891391,0.503476,0.017218716,0.017470333,0.906723077,0,0.106430714,0.095724,0.1052,0,0,0,0,0,0,0,0.023199231,0.0081108,0.292963333,0.475894048,0.15110275,0,0,0,0.100729048,0.129633333
GW223.39.1.8.13.02,0.629554656,0.147910839,0.085113804,0.09394,0.000394067,0,0.166448401,0.011204221,0.008160667,0.598946154,0,0.038968571,0.136981,0.10652,0,0,0,0.6192,0,0,0,0.022385385,0.0144638,0.49865,0.498480952,0,0,0,0,0.053343571,1.4016
GW057.10.1.8.13.02,1.353576248,0.190546072,0.066069345,0.190373333,0,0,0.141811186,0.003604474,0.044292667,0.591184615,0,0.012389286,0.0317905,0.1048,0,0,0,0,0,0.047341667,0,0.012248462,0.0132994,0,0.025647619,0,0,0,0,0.033533571,0.135733333
GW765.77.1.11.13.02,0.862078273,0.208929613,0.060255959,0.05531814,0.000784475,0,0.057348117,0.006877989,0,0.947030769,0,0.018957857,0.08942,0.10956,0,0,0,0,0,0,0,0.006006923,0.0094496,0,0.392647619,0,0,0,0,0.045779524,1.240866667
GW685.6.1.8.13.02,1.222807018,0.131825674,0.095499259,0.160086667,0,0.156019646,0.084744518,0.013143347,0.015509667,0.724946154,0.240905882,0.016424286,0.070494,0.10832,0,0,0,0,0,0,0,0.013847692,0.0130182,0,0.188029762,0,0,0,0,0.033119524,0.153833333
GW089.62.1.7.13.02,0.442375169,0.011220185,1.122018454,0.003559187,0,0.022598441,0.053251874,0.007302537,0,0.349030769,0,0.008458571,0.0343575,0.07292,0,0,0,0,0,0,0,0,0.0048624,0,0.014210714,0,0,0,0,0.026169524,0
GW056.87.1.8.13.02,1.058164642,0.134896288,0.09332543,0.101898333,0,0.256417071,0.060121459,0.015945821,0.012923333,0.503584615,0,0.013509286,0.0421275,0.10476,0,0,0,0,0,0.182275,0,0.01411,0.0126312,0,0.165613095,0,0.164373333,0,0,0.031577857,0.243466667
GW763.23.1.22.13.02,0.943994602,0.223872114,0.056234133,0.082420881,0.001118032,0,0.004728194,0.005859758,0,0.727361538,0,0,0.025516,0.1043,0,0,0,0,0,0,0,0,0.0182678,0,0.604554762,0,0,0,0,0.05458,0.090166667
GW198.41.2.11.13.02,0.631848853,0.87096359,0.014454398,0.122773333,0,0.582861295,0.07747212,0.001666153,0.010679333,0.2847,0,0,0,0,0,0,0,0,0,0,0,0,0.0016862,0,0,0,0,0,0,0.002920714,0
GW314.97.2.19.13.02,0.813360324,0.042657952,0.295120923,0.015924258,0,0.837772702,0.13850311,0.016385174,0,0.703523077,0,0.024002857,0.0590755,0.10516,0,0,0,0,0,0,0,0.049563077,0.0071448,0,0.049482143,0,0,0,0,0.043985,0.139266667
GW775.88.1.29.13.02,0.787044534,0.063095734,0.199526231,0.130693333,0,0.502035717,0.140948372,0.017811647,0.010505667,0.695376923,0,0.019728571,0.1028945,0.10428,0,0,0,0,0,0,0,0.016218462,0.0067882,0,0.099579762,0,0,0,0,0.059144762,0.421133333
GW715.65.2.12.13.02,0.719163293,0.223872114,0.056234133,0.050436219,0,0.331669911,0.047982251,0.007422474,0,0.305646154,0,0.01961,0.0431375,0.10695,0,0,0,0,0,0.049708333,0,0.010756923,0.014418,0,0.221921429,0,0,0,0,0.020347857,0.303733333
GW271.66.2.18.13.02,0.704318489,0.019498446,0.645654229,0.024940954,0.000318911,0,0.220719092,0.021322263,0,0.504569231,0,0.027075714,0.143423,0.10492,0,0,0,0,0,0,0,0.047796154,0.0072382,0,0,0,0,0,0,0.419187857,0.105833333
GW383.12.17.12.02,0.704048583,0.077624712,0.16218101,0.051227969,0.00056526,0.009546602,0.090872651,0.015798458,0,0.573323077,0,0.020912143,0.23833,0.10542,0,0,0,0,0,0,0,0.048008462,0.0116672,0,0,0,0,0,0,0.091091667,0.079366667
GW714.34.2.12.13.02,0.693927126,0.033113112,0.380189396,0.02415246,0.000216639,0.232852079,0.223824,0.010535058,0,0.468946154,0,0.02649,0.0432345,0.11021,0,0,0,0,0,0,0,0.009382308,0.013534,0,0,0,0,0,0,0.078545238,0.235633333
GW773.35.2.4.13.02,0.445479082,0.034673685,0.363078055,0.203116667,0.000735022,0.040326598,0.384856,0.011975821,0.011216333,0.637761538,0,0,0.091137,0.1078,0,0,0,0,0,0.057491667,0,0.010814615,0.0081996,0,0.301460714,0.07597975,0,0,0,0.064402857,0.235166667
GW066.71.2.20.13.02,0.093549258,0.630957344,0.019952623,0.022079859,0.00036903,0.085562967,0.030287146,0.009959379,0.010230333,0.096738462,0,0.015653571,0.026995,0.07345,0,0,0,0,0,0,0,0,0.0119344,0.31937,0.021721429,0,0,0,0,0.032144762,0
GW921.86.1.28.13.02,0.628205128,0.034673685,0.363078055,0.005470454,0,0.01441853,0.102607886,0.016720058,0.008334333,0.351153846,0,0.013582143,0.1487835,0.10597,0,0,0,0,0,0,0,0.004942308,0.006845,0,0,0,0,0,0,0.320728095,0.1073
GW084.56.11.28.12.02,0.458434548,0.070794578,0.177827941,0.002866603,0,0.028719042,0.033268911,0.002025389,0,0.614946154,0,0.008757143,0.053643,0.07291,0,0,0,0,0,0,0,0,0.0040794,0,0.005645238,0,0,0,0,0.01467,0
GW151.12.12.12.02,0.583265857,0.085113804,0.147910839,0.04512521,0.000501088,0.368708235,0.104238936,0.013188789,0,0.460315385,0,0.01398,0.0967915,0.10406,0,0,0,0,0,0,0,0,0.0087706,0,0,0,0,0,0,0.135056905,0.236966667
GW220.50.12.12.12.02,0.554251012,0.032359366,0.389045145,0.036838541,0.00073685,0.206969506,0.081903332,0.014727158,0,0.473023077,0,0,0.0585435,0.10425,0,0,0,0,0,0,0,0,0.0075406,0,0.029396429,0,0,0,0,0.107423571,0.163733333
GW750.28.12.12.12.02,0.49608637,0.077624712,0.16218101,0.012432174,0,0.056709868,0.059196496,0.029021121,0,0.552215385,0,0,0.3149665,0.1067,0,0,0,0,0,0,0,0,0.0078598,0.06728,0.058747619,0,0,0,0,0.174117143,0.286966667
GW533.48.11.28.12.02,0.159244265,0.537031796,0.023442288,0.004000598,0,0.127580261,0.02896343,0.002932084,0,0.176269231,0,0,0.0350655,0,0,0,0,0,0,0,0,0,0.0098412,0,0,0,0,0,0,0.009709524,0.123866667
GW683.53.2.18.13.02,0.531174089,0.032359366,0.389045145,0.007943551,0,0.377351041,0.073032385,0.005608116,0,0.3554,0,0.015400714,0.0686405,0.11517,0,0,0,0,0,0.04985,0,0.011409231,0.0156784,0,0,0,0,0,0,0.031127857,0.308233333
GW800.12.12.12.02,0.511605938,0.199526231,0.063095734,0.003088817,0,0,0.026532591,0.005249416,0,0.326507692,0,0.021607143,0.047051,0.10819,0,0,0,0,0,0,0,0.006576923,0.0086458,0,0,0,0,0,0,0.01208119,0.109966667
FW303.11.2.20.13.02,0.410931174,0.052480746,0.239883292,0.002390062,0,0.040819598,0.0272277,0.007239853,0,0.404769231,0,0,0.037615,0.07388,0,0,0,0,0,0,0,0,0.0092762,0,0,0,0,0,0,0.042328571,0
GW654.0.1.7.13.02,0.363022942,0.064565423,0.19498446,0.002098287,0,0.045979772,0.062569617,0.005241495,0.013316333,0.127838462,0,0.010669286,0,0.07266,0,0,0,0,0,0,0,0,0.003994,0,0.013605952,0,0,0,0,0.02294881,0
